Item Code,Description,Item Category,Oraganization,Sub Inventory,To Location,To Subinventory,Document Number,Transaction ID,Transaction DATE,SellingÂ  Price,Value of Selling Price,Lot Number,UOM,Transaction Type,Transaction Quantity,Transaction Cost,Transaction Value,Balance Quantity,Balance Value
6590080013,DEXTROSE-10% IV-500ML,Medicine,Rayan Hospital,RYN_IP,,,,1110897263,01-01-2024,7.5,-7.5,846855.0,PCS,Issue to Patient,1.0,4.20122,-4.20122,1381.0,5801.88632
6590080013,DEXTROSE-10% IV-500ML,Medicine,Rayan Hospital,RYN_IP,,,,1110897278,01-01-2024,7.5,-7.5,846855.0,PCS,Issue to Patient,1.0,4.20122,-4.20122,1380.0,5797.68509
6590080013,DEXTROSE-10% IV-500ML,Medicine,Rayan Hospital,RYN_IP,,,,1110900590,01-01-2024,7.5,-7.5,846853.0,PCS,Issue to Patient,1.0,4.20122,-4.20122,1379.0,5793.48387
6590080013,DEXTROSE-10% IV-500ML,Medicine,Rayan Hospital,RYN_IP,,,,1110921967,01-01-2024,7.5,-7.5,846853.0,PCS,Issue to Patient,1.0,4.20122,-4.20122,1378.0,5789.28265
6590080013,DEXTROSE-10% IV-500ML,Medicine,Rayan Hospital,RYN_IP,,,,1111030821,01-01-2024,7.5,-7.5,846853.0,PCS,Issue to Patient,1.0,4.20122,-4.20122,1377.0,5785.08143
6590080013,DEXTROSE-10% IV-500ML,Medicine,Rayan Hospital,RYN_IP,,,,1111144749,01-01-2024,7.5,-7.5,846853.0,PCS,Issue to Patient,1.0,4.20122,-4.20122,1376.0,5780.88021
6590080013,DEXTROSE-10% IV-500ML,Medicine,Rayan Hospital,RYN_IP,,,,1111279980,01-01-2024,7.5,-7.5,846856.0,PCS,Issue to Patient,1.0,4.20122,-4.20122,1375.0,5776.67899
6590080013,DEXTROSE-10% IV-500ML,Medicine,Rayan Hospital,RYN_IP,,,,1111279990,01-01-2024,7.5,-7.5,846855.0,PCS,Issue to Patient,1.0,4.20122,-4.20122,1374.0,5772.47777
6590080013,DEXTROSE-10% IV-500ML,Medicine,Rayan Hospital,RYN_IP,,,,1111348532,02-01-2024,7.5,-7.5,846853.0,PCS,Issue to Patient,1.0,4.20122,-4.20122,1373.0,5768.27655
6590080013,DEXTROSE-10% IV-500ML,Medicine,Rayan Hospital,RYN_IP,,,,1111521748,02-01-2024,7.5,-7.5,846853.0,PCS,Issue to Patient,1.0,4.20122,-4.20122,1372.0,5764.07533
6590080013,DEXTROSE-10% IV-500ML,Medicine,Rayan Hospital,RYN_IP,,,,1111855367,02-01-2024,7.5,-7.5,846853.0,PCS,Issue to Patient,1.0,4.20122,-4.20122,1371.0,5759.87411
6590080013,DEXTROSE-10% IV-500ML,Medicine,Rayan Hospital,RYN_IP,,,,1111893592,03-01-2024,7.5,-7.5,846853.0,PCS,Issue to Patient,1.0,4.20122,-4.20122,1370.0,5755.67288
6590080013,DEXTROSE-10% IV-500ML,Medicine,Rayan Hospital,RYN_IP,,,,1112001031,03-01-2024,7.5,-7.5,846855.0,PCS,Issue to Patient,1.0,4.20122,-4.20122,1369.0,5751.47166
6590080013,DEXTROSE-10% IV-500ML,Medicine,Rayan Hospital,RYN_IP,,,,1112052299,03-01-2024,7.5,-7.5,846856.0,PCS,Issue to Patient,1.0,4.20122,-4.20122,1368.0,5747.27044
6590080013,DEXTROSE-10% IV-500ML,Medicine,Rayan Hospital,RYN_IP,,,,1112052309,03-01-2024,7.5,-7.5,846855.0,PCS,Issue to Patient,1.0,4.20122,-4.20122,1367.0,5743.06922
6590080013,DEXTROSE-10% IV-500ML,Medicine,Rayan Hospital,RYN_IP,,,,1112055841,03-01-2024,7.5,-7.5,846856.0,PCS,Issue to Patient,1.0,4.20122,-4.20122,1366.0,5738.868
6590080013,DEXTROSE-10% IV-500ML,Medicine,Rayan Hospital,RYN_IP,,,,1112155971,03-01-2024,7.5,-7.5,846853.0,PCS,Issue to Patient,1.0,4.20122,-4.20122,1365.0,5734.66678
6590080013,DEXTROSE-10% IV-500ML,Medicine,Rayan Hospital,RYN_IP,,,,1112320561,03-01-2024,7.5,-7.5,846853.0,PCS,Issue to Patient,1.0,4.20122,-4.20122,1365.0,5734.66678
6590080013,DEXTROSE-10% IV-500ML,Medicine,Rayan Hospital,RYN_IP,,,,1112452716,03-01-2024,7.5,-7.5,846853.0,PCS,Issue to Patient,1.0,4.20122,-4.20122,1364.0,5730.46556
6590080013,DEXTROSE-10% IV-500ML,Medicine,Rayan Hospital,RYN_IP,,,,1112539684,04-01-2024,7.5,-7.5,846853.0,PCS,Issue to Patient,1.0,4.20122,-4.20122,1363.0,5726.26434
6590080013,DEXTROSE-10% IV-500ML,Medicine,Rayan Hospital,RYN_IP,,,,1112581915,04-01-2024,7.5,-7.5,846853.0,PCS,Issue to Patient,1.0,4.20122,-4.20122,1362.0,5722.06312
6590080013,DEXTROSE-10% IV-500ML,Medicine,Rayan Hospital,RYN_IP,,,,1112599756,04-01-2024,7.5,-7.5,846856.0,PCS,Issue to Patient,1.0,4.20122,-4.20122,1361.0,5717.86189
6590080013,DEXTROSE-10% IV-500ML,Medicine,Rayan Hospital,RYN_IP,,,,1113105457,05-01-2024,7.5,-7.5,846853.0,PCS,Issue to Patient,1.0,4.20122,-4.20122,1360.0,5713.66067
6590080013,DEXTROSE-10% IV-500ML,Medicine,Rayan Hospital,RYN_IP,,,,1113171871,05-01-2024,7.5,-15.0,846853.0,PCS,Issue to Patient,2.0,4.20122,-8.40244,1358.0,5705.25823
6590080013,DEXTROSE-10% IV-500ML,Medicine,Rayan Hospital,RYN_IP,,,,1113585393,06-01-2024,7.5,-7.5,846853.0,PCS,Issue to Patient,1.0,4.20122,-4.20122,1357.0,5701.05701
6590080013,DEXTROSE-10% IV-500ML,Medicine,Rayan Hospital,RYN_IP,,,,1113633376,06-01-2024,7.5,-7.5,846853.0,PCS,Issue to Patient,1.0,4.20122,-4.20122,1356.0,5696.85579
6590080013,DEXTROSE-10% IV-500ML,Medicine,Rayan Hospital,RYN_IP,,,,1113681703,06-01-2024,7.5,-15.0,846856.0,PCS,Issue to Patient,2.0,4.20122,-8.40244,1354.0,5688.45335
6590080013,DEXTROSE-10% IV-500ML,Medicine,Rayan Hospital,RYN_IP,,,,1113854277,07-01-2024,7.5,-15.0,846853.0,PCS,Issue to Patient,2.0,4.20122,-8.40244,1352.0,5680.0509
6590080013,DEXTROSE-10% IV-500ML,Medicine,Rayan Hospital,RYN_IP,,,,1113869608,07-01-2024,7.5,-7.5,846853.0,PCS,Issue to Patient,1.0,4.20122,-4.20122,1353.0,5684.25213
6590080013,DEXTROSE-10% IV-500ML,Medicine,Rayan Hospital,RYN_IP,,,,1113870873,07-01-2024,7.5,-7.5,846853.0,PCS,Issue to Patient,1.0,4.20122,-4.20122,1352.0,5680.0509
6590080013,DEXTROSE-10% IV-500ML,Medicine,Rayan Hospital,RYN_IP,,,,1114247182,07-01-2024,7.5,-7.5,846853.0,PCS,Issue to Patient,1.0,4.20122,-4.20122,1351.0,5675.84968
6590080013,DEXTROSE-10% IV-500ML,Medicine,Rayan Hospital,RYN_IP,,,,1114506458,08-01-2024,7.5,-7.5,846853.0,PCS,Issue to Patient,1.0,4.20122,-4.20122,1350.0,5671.64846
6590080013,DEXTROSE-10% IV-500ML,Medicine,Rayan Hospital,RYN_IP,,,,1114769085,08-01-2024,7.5,-7.5,846856.0,PCS,Issue to Patient,1.0,4.20122,-4.20122,1349.0,5667.44724
6590080013,DEXTROSE-10% IV-500ML,Medicine,Rayan Hospital,RYN_IP,,,,1115064346,09-01-2024,7.5,-7.5,846856.0,PCS,Issue to Patient,1.0,4.20122,-4.20122,1348.0,5663.24602
6590080013,DEXTROSE-10% IV-500ML,Medicine,Rayan Hospital,RYN_IP,,,,1115074059,09-01-2024,7.5,-7.5,846856.0,PCS,Issue to Patient,1.0,4.20122,-4.20122,1347.0,5659.0448
6590080013,DEXTROSE-10% IV-500ML,Medicine,Rayan Hospital,RYN_IP,,,,1115075053,09-01-2024,7.5,-7.5,846853.0,PCS,Issue to Patient,1.0,4.20122,-4.20122,1346.0,5654.84358
6590080013,DEXTROSE-10% IV-500ML,Medicine,Rayan Hospital,RYN_IP,,,,1115090302,09-01-2024,7.5,-7.5,846855.0,PCS,Issue to Patient,1.0,4.20122,-4.20122,1345.0,5650.64236
6590080013,DEXTROSE-10% IV-500ML,Medicine,Rayan Hospital,RYN_IP,,,,1115158763,09-01-2024,7.5,-7.5,846855.0,PCS,Issue to Patient,1.0,4.20122,-4.20122,1344.0,5646.44114
6590080013,DEXTROSE-10% IV-500ML,Medicine,Rayan Hospital,RYN_IP,,,,1115238107,09-01-2024,7.5,-7.5,846853.0,PCS,Issue to Patient,1.0,4.20122,-4.20122,1343.0,5642.23991
6590080013,DEXTROSE-10% IV-500ML,Medicine,Rayan Hospital,RYN_IP,,,,1115543906,10-01-2024,7.5,-7.5,846853.0,PCS,Issue to Patient,1.0,4.20122,-4.20122,1342.0,5638.03869
6590080013,DEXTROSE-10% IV-500ML,Medicine,Rayan Hospital,RYN_IP,,,,1116232222,11-01-2024,7.5,-7.5,846853.0,PCS,Issue to Patient,1.0,4.20122,-4.20122,1341.0,5633.83747
6590080013,DEXTROSE-10% IV-500ML,Medicine,Rayan Hospital,RYN_IP,,,,1116304999,11-01-2024,7.5,-7.5,846853.0,PCS,Issue to Patient,1.0,4.20122,-4.20122,1340.0,5629.63625
6590080013,DEXTROSE-10% IV-500ML,Medicine,Rayan Hospital,RYN_IP,,,,1116737806,12-01-2024,7.5,-7.5,846853.0,PCS,Issue to Patient,1.0,4.20122,-4.20122,1339.0,5625.43503
6590080013,DEXTROSE-10% IV-500ML,Medicine,Rayan Hospital,RYN_IP,,,,1117009701,13-01-2024,7.5,-7.5,846853.0,PCS,Issue to Patient,1.0,4.20122,-4.20122,1338.0,5621.23381
6590080013,DEXTROSE-10% IV-500ML,Medicine,Rayan Hospital,RYN_IP,,,,1118808832,16-01-2024,7.5,-7.5,846853.0,PCS,Issue to Patient,1.0,4.20122,-4.20122,1337.0,5617.03259
6590080013,DEXTROSE-10% IV-500ML,Medicine,Rayan Hospital,RYN_IP,,,,1118819209,16-01-2024,7.5,-7.5,846853.0,PCS,Issue to Patient,1.0,4.20122,-4.20122,1336.0,5612.83137
6590080013,DEXTROSE-10% IV-500ML,Medicine,Rayan Hospital,RYN_IP,,,,1118974248,16-01-2024,7.5,-7.5,846856.0,PCS,Issue to Patient,1.0,4.20122,-4.20122,1335.0,5608.63015
6590080013,DEXTROSE-10% IV-500ML,Medicine,Rayan Hospital,RYN_IP,,,,1118978756,16-01-2024,7.5,-7.5,846853.0,PCS,Issue to Patient,1.0,4.20122,-4.20122,1334.0,5604.42893
6590080013,DEXTROSE-10% IV-500ML,Medicine,Rayan Hospital,RYN_IP,,,,1119079409,16-01-2024,7.5,-7.5,846855.0,PCS,Issue to Patient,1.0,4.20122,-4.20122,1333.0,5600.2277
6590080013,DEXTROSE-10% IV-500ML,Medicine,Rayan Hospital,RYN_IP,,,,1119474785,17-01-2024,7.5,-7.5,846853.0,PCS,Issue to Patient,1.0,4.20122,-4.20122,1332.0,5596.02648
6590080013,DEXTROSE-10% IV-500ML,Medicine,Rayan Hospital,RYN_IP,,,,1119483564,17-01-2024,7.5,-7.5,846856.0,PCS,Issue to Patient,1.0,4.20122,-4.20122,1331.0,5591.82526
6590080013,DEXTROSE-10% IV-500ML,Medicine,Rayan Hospital,RYN_IP,,,,1119607483,17-01-2024,7.5,-7.5,846856.0,PCS,Issue to Patient,1.0,4.20122,-4.20122,1330.0,5587.62404
6590080013,DEXTROSE-10% IV-500ML,Medicine,Rayan Hospital,RYN_IP,,,,1119676909,17-01-2024,7.5,-7.5,846853.0,PCS,Issue to Patient,1.0,4.20122,-4.20122,1329.0,5583.42282
6590080013,DEXTROSE-10% IV-500ML,Medicine,Rayan Hospital,RYN_IP,,,,1119727290,17-01-2024,7.5,-7.5,846853.0,PCS,Issue to Patient,1.0,4.20122,-4.20122,1328.0,5579.2216
6590080013,DEXTROSE-10% IV-500ML,Medicine,Rayan Hospital,RYN_IP,,,,1119940792,17-01-2024,7.5,-7.5,846853.0,PCS,Issue to Patient,1.0,4.20122,-4.20122,1327.0,5575.02038
6590080013,DEXTROSE-10% IV-500ML,Medicine,Rayan Hospital,RYN_IP,,,,1119985021,18-01-2024,7.5,-7.5,846853.0,PCS,Issue to Patient,1.0,4.20122,-4.20122,1326.0,5570.81916
6590080013,DEXTROSE-10% IV-500ML,Medicine,Rayan Hospital,RYN_IP,,,,1120041339,18-01-2024,7.5,-7.5,846856.0,PCS,Issue to Patient,1.0,4.20122,-4.20122,1325.0,5566.61794
6590080013,DEXTROSE-10% IV-500ML,Medicine,Rayan Hospital,RYN_IP,,,,1120048471,18-01-2024,7.5,-7.5,846853.0,PCS,Issue to Patient,1.0,4.20122,-4.20122,1324.0,5562.41671
6590080013,DEXTROSE-10% IV-500ML,Medicine,Rayan Hospital,RYN_IP,,,,1120083688,18-01-2024,7.5,-7.5,846853.0,PCS,Issue to Patient,1.0,4.20122,-4.20122,1323.0,5558.21549
6590080013,DEXTROSE-10% IV-500ML,Medicine,Rayan Hospital,RYN_IP,,,,1120099595,18-01-2024,7.5,-7.5,846853.0,PCS,Issue to Patient,1.0,4.20122,-4.20122,1322.0,5554.01427
6590080013,DEXTROSE-10% IV-500ML,Medicine,Rayan Hospital,RYN_IP,,,,1120607772,19-01-2024,7.5,-7.5,846855.0,PCS,Issue to Patient,1.0,4.20122,-4.20122,1321.0,5549.81305
6590080013,DEXTROSE-10% IV-500ML,Medicine,Rayan Hospital,RYN_IP,,,,1120611427,19-01-2024,7.5,-7.5,846856.0,PCS,Issue to Patient,1.0,4.20122,-4.20122,1320.0,5545.61183
6590080013,DEXTROSE-10% IV-500ML,Medicine,Rayan Hospital,RYN_IP,,,,1120616431,19-01-2024,7.5,-7.5,846855.0,PCS,Issue to Patient,1.0,4.20122,-4.20122,1319.0,5541.41061
6590080013,DEXTROSE-10% IV-500ML,Medicine,Rayan Hospital,RYN_IP,,,,1120641309,19-01-2024,7.5,-7.5,846856.0,PCS,Issue to Patient,1.0,4.20122,-4.20122,1318.0,5537.20939
6590080013,DEXTROSE-10% IV-500ML,Medicine,Rayan Hospital,RYN_IP,,,,1120676078,19-01-2024,7.5,-7.5,846853.0,PCS,Issue to Patient,1.0,4.20122,-4.20122,1317.0,5533.00817
6590080013,DEXTROSE-10% IV-500ML,Medicine,Rayan Hospital,RYN_IP,,,,1120867061,20-01-2024,7.5,-7.5,846853.0,PCS,Issue to Patient,1.0,4.20122,-4.20122,1317.0,5533.00817
6590080013,DEXTROSE-10% IV-500ML,Medicine,Rayan Hospital,RYN_IP,,,,1121457291,21-01-2024,7.5,-7.5,846853.0,PCS,Issue to Patient,1.0,4.20122,-4.20122,1316.0,5528.80695
6590080013,DEXTROSE-10% IV-500ML,Medicine,Rayan Hospital,RYN_IP,,,,1121683242,21-01-2024,7.5,-7.5,846853.0,PCS,Issue to Patient,1.0,4.20122,-4.20122,1315.0,5524.60572
6590080013,DEXTROSE-10% IV-500ML,Medicine,Rayan Hospital,RYN_IP,,,,1121766951,21-01-2024,7.5,-7.5,846853.0,PCS,Issue to Patient,1.0,4.20122,-4.20122,1314.0,5520.4045
6590080013,DEXTROSE-10% IV-500ML,Medicine,Rayan Hospital,RYN_IP,,,,1122052645,22-01-2024,7.5,-7.5,846855.0,PCS,Issue to Patient,1.0,4.20122,-4.20122,1313.0,5516.20328
6590080013,DEXTROSE-10% IV-500ML,Medicine,Rayan Hospital,RYN_IP,,,,1122069684,22-01-2024,7.5,-7.5,846856.0,PCS,Issue to Patient,1.0,4.20122,-4.20122,1312.0,5512.00206
6590080013,DEXTROSE-10% IV-500ML,Medicine,Rayan Hospital,RYN_IP,,,,1122263376,22-01-2024,7.5,-7.5,846856.0,PCS,Issue to Patient,1.0,4.20122,-4.20122,1311.0,5507.80084
6590080013,DEXTROSE-10% IV-500ML,Medicine,Rayan Hospital,RYN_IP,,,,1122263607,22-01-2024,7.5,-7.5,846856.0,PCS,Issue to Patient,1.0,4.20122,-4.20122,1310.0,5503.59962
6590080013,DEXTROSE-10% IV-500ML,Medicine,Rayan Hospital,RYN_IP,,,,1122654120,23-01-2024,7.5,-7.5,846853.0,PCS,Issue to Patient,1.0,4.20122,-4.20122,1309.0,5499.3984
6590080013,DEXTROSE-10% IV-500ML,Medicine,Rayan Hospital,RYN_IP,,,,1123511366,24-01-2024,7.5,-7.5,846856.0,PCS,Issue to Patient,1.0,4.20122,-4.20122,1308.0,5495.19718
6590080013,DEXTROSE-10% IV-500ML,Medicine,Rayan Hospital,RYN_IP,,,,1123867332,25-01-2024,7.5,-7.5,846856.0,PCS,Issue to Patient,1.0,4.20122,-4.20122,1307.0,5490.99596
6590080013,DEXTROSE-10% IV-500ML,Medicine,Rayan Hospital,RYN_IP,,,,1123982578,25-01-2024,7.5,-7.5,846855.0,PCS,Issue to Patient,1.0,4.20122,-4.20122,1306.0,5486.79473
6590080013,DEXTROSE-10% IV-500ML,Medicine,Rayan Hospital,RYN_IP,,,,1124410350,26-01-2024,7.5,-7.5,846856.0,PCS,Issue to Patient,1.0,4.20122,-4.20122,1305.0,5482.59351
6590080013,DEXTROSE-10% IV-500ML,Medicine,Rayan Hospital,RYN_IP,,,,1124413036,26-01-2024,7.5,-7.5,846853.0,PCS,Issue to Patient,1.0,4.20122,-4.20122,1304.0,5478.39229
6590080013,DEXTROSE-10% IV-500ML,Medicine,Rayan Hospital,RYN_IP,,,,1124511830,26-01-2024,7.5,-7.5,846853.0,PCS,Issue to Patient,1.0,4.20122,-4.20122,1303.0,5474.19107
6590080013,DEXTROSE-10% IV-500ML,Medicine,Rayan Hospital,RYN_IP,,,,1124777829,27-01-2024,7.5,-7.5,846853.0,PCS,Issue to Patient,1.0,4.20122,-4.20122,1302.0,5469.98985
6590080013,DEXTROSE-10% IV-500ML,Medicine,Rayan Hospital,RYN_IP,,,,1125093052,27-01-2024,7.5,-7.5,846853.0,PCS,Issue to Patient,1.0,4.20122,-4.20122,1301.0,5465.78863
6590080013,DEXTROSE-10% IV-500ML,Medicine,Rayan Hospital,RYN_IP,,,,1125156420,28-01-2024,7.5,-7.5,846855.0,PCS,Issue to Patient,1.0,4.20122,-4.20122,1300.0,5461.58741
6590080013,DEXTROSE-10% IV-500ML,Medicine,Rayan Hospital,RYN_IP,,,,1125808345,29-01-2024,7.5,-7.5,846856.0,PCS,Issue to Patient,1.0,4.20122,-4.20122,1299.0,5457.38619
6590080013,DEXTROSE-10% IV-500ML,Medicine,Rayan Hospital,RYN_IP,,,,1126298188,29-01-2024,7.5,-7.5,846856.0,PCS,Issue to Patient,1.0,4.20122,-4.20122,1298.0,5453.18497
6590080013,DEXTROSE-10% IV-500ML,Medicine,Rayan Hospital,RYN_IP,,,,1126375267,30-01-2024,7.5,-7.5,846856.0,PCS,Issue to Patient,1.0,4.20122,-4.20122,1297.0,5448.98375
6590080013,DEXTROSE-10% IV-500ML,Medicine,Rayan Hospital,RYN_IP,,,,1126474962,30-01-2024,7.5,-7.5,846856.0,PCS,Issue to Patient,1.0,4.20122,-4.20122,1296.0,5444.78252
6590080013,DEXTROSE-10% IV-500ML,Medicine,Rayan Hospital,RYN_IP,,,,1127028773,31-01-2024,7.5,-7.5,846853.0,PCS,Issue to Patient,1.0,4.20122,-4.20122,1295.0,5440.5813
6590080013,DEXTROSE-10% IV-500ML,Medicine,Rayan Hospital,RYN_IP,,,,1127546925,01-02-2024,7.5,-7.5,846856.0,PCS,Issue to Patient,1.0,4.20122,-4.20122,1294.0,5436.38008
6590080013,DEXTROSE-10% IV-500ML,Medicine,Rayan Hospital,RYN_IP,,,,1128127386,02-02-2024,7.5,-7.5,846853.0,PCS,Issue to Patient,1.0,4.20122,-4.20122,1293.0,5432.17886
6590080013,DEXTROSE-10% IV-500ML,Medicine,Rayan Hospital,RYN_IP,,,,1128130396,02-02-2024,7.5,-7.5,846853.0,PCS,Issue to Patient,1.0,4.20122,-4.20122,1292.0,5427.97764
6590080013,DEXTROSE-10% IV-500ML,Medicine,Rayan Hospital,RYN_IP,,,,1128190617,02-02-2024,7.5,-7.5,846853.0,PCS,Issue to Patient,1.0,4.20122,-4.20122,1291.0,5423.77642
6590080013,DEXTROSE-10% IV-500ML,Medicine,Rayan Hospital,RYN_IP,,,,1128379051,03-02-2024,7.5,-7.5,846853.0,PCS,Issue to Patient,1.0,4.20122,-4.20122,1290.0,5419.5752
6590080013,DEXTROSE-10% IV-500ML,Medicine,Rayan Hospital,RYN_IP,,,,1128406801,03-02-2024,7.5,-7.5,846855.0,PCS,Issue to Patient,1.0,4.20122,-4.20122,1289.0,5415.37398
6590080013,DEXTROSE-10% IV-500ML,Medicine,Rayan Hospital,RYN_IP,,,,1129603428,05-02-2024,7.5,-7.5,846853.0,PCS,Issue to Patient,1.0,4.20122,-4.20122,1288.0,5411.17276
6590080013,DEXTROSE-10% IV-500ML,Medicine,Rayan Hospital,RYN_IP,,,,1129603433,05-02-2024,7.5,-7.5,846853.0,PCS,Issue to Patient,1.0,4.20122,-4.20122,1287.0,5406.97153
6590080013,DEXTROSE-10% IV-500ML,Medicine,Rayan Hospital,RYN_IP,,,,1129741481,05-02-2024,7.5,-7.5,846856.0,PCS,Issue to Patient,1.0,4.20122,-4.20122,1286.0,5402.77031
6590080013,DEXTROSE-10% IV-500ML,Medicine,Rayan Hospital,RYN_IP,,,,1130159909,06-02-2024,7.5,-7.5,846853.0,PCS,Issue to Patient,1.0,4.20122,-4.20122,1285.0,5398.56909
6590080013,DEXTROSE-10% IV-500ML,Medicine,Rayan Hospital,RYN_IP,,,,1130364818,06-02-2024,7.5,-7.5,846853.0,PCS,Issue to Patient,1.0,4.20122,-4.20122,1284.0,5394.36787
6590080013,DEXTROSE-10% IV-500ML,Medicine,Rayan Hospital,RYN_IP,,,,1130673281,06-02-2024,7.5,-7.5,846853.0,PCS,Issue to Patient,1.0,4.20122,-4.20122,1283.0,5390.16665
6590080013,DEXTROSE-10% IV-500ML,Medicine,Rayan Hospital,RYN_IP,,,,1130760146,07-02-2024,7.5,-7.5,846853.0,PCS,Issue to Patient,1.0,4.20122,-4.20122,1282.0,5385.96543
6590080013,DEXTROSE-10% IV-500ML,Medicine,Rayan Hospital,RYN_IP,,,,1130833529,07-02-2024,7.5,-7.5,846853.0,PCS,Issue to Patient,1.0,4.20122,-4.20122,1281.0,5381.76421
6590080013,DEXTROSE-10% IV-500ML,Medicine,Rayan Hospital,RYN_IP,,,,1130925147,07-02-2024,7.5,-7.5,846853.0,PCS,Issue to Patient,1.0,4.20122,-4.20122,1280.0,5377.56299
6590080013,DEXTROSE-10% IV-500ML,Medicine,Rayan Hospital,RYN_IP,,,,1130929987,07-02-2024,7.5,-7.5,846853.0,PCS,Issue to Patient,1.0,4.20122,-4.20122,1279.0,5373.36177
6590080013,DEXTROSE-10% IV-500ML,Medicine,Rayan Hospital,RYN_IP,,,,1130932412,07-02-2024,7.5,-7.5,846853.0,PCS,Issue to Patient,1.0,4.20122,-4.20122,1278.0,5369.16054
6590080013,DEXTROSE-10% IV-500ML,Medicine,Rayan Hospital,RYN_IP,,,,1131203345,07-02-2024,7.5,-7.5,846853.0,PCS,Issue to Patient,1.0,4.20122,-4.20122,1277.0,5364.95932
6590080013,DEXTROSE-10% IV-500ML,Medicine,Rayan Hospital,RYN_IP,,,,1131441200,08-02-2024,7.5,-7.5,846853.0,PCS,Issue to Patient,1.0,4.20122,-4.20122,1276.0,5360.7581
6590080013,DEXTROSE-10% IV-500ML,Medicine,Rayan Hospital,RYN_IP,,,,1131469125,08-02-2024,7.5,-7.5,846853.0,PCS,Issue to Patient,1.0,4.20122,-4.20122,1275.0,5356.55688
6590080013,DEXTROSE-10% IV-500ML,Medicine,Rayan Hospital,RYN_IP,,,,1131946161,09-02-2024,7.5,-7.5,846853.0,PCS,Issue to Patient,1.0,4.20122,-4.20122,1274.0,5352.35566
6590080013,DEXTROSE-10% IV-500ML,Medicine,Rayan Hospital,RYN_IP,,,,1131957888,09-02-2024,7.5,-7.5,846856.0,PCS,Issue to Patient,1.0,4.20122,-4.20122,1273.0,5348.15444
6590080013,DEXTROSE-10% IV-500ML,Medicine,Rayan Hospital,RYN_IP,,,,1131968764,09-02-2024,7.5,-7.5,846853.0,PCS,Issue to Patient,1.0,4.20122,-4.20122,1272.0,5343.95322
6590080013,DEXTROSE-10% IV-500ML,Medicine,Rayan Hospital,RYN_IP,,,,1132120120,09-02-2024,7.5,-7.5,846853.0,PCS,Issue to Patient,1.0,4.20122,-4.20122,1271.0,5339.752
6590080013,DEXTROSE-10% IV-500ML,Medicine,Rayan Hospital,RYN_IP,,,,1132145702,10-02-2024,7.5,-7.5,846853.0,PCS,Issue to Patient,1.0,4.20122,-4.20122,1270.0,5335.55078
6590080013,DEXTROSE-10% IV-500ML,Medicine,Rayan Hospital,RYN_IP,,,,1132161666,10-02-2024,7.5,-7.5,846853.0,PCS,Issue to Patient,1.0,4.20122,-4.20122,1269.0,5331.34955
6590080013,DEXTROSE-10% IV-500ML,Medicine,Rayan Hospital,RYN_IP,,,,1132200681,10-02-2024,7.5,-7.5,846855.0,PCS,Issue to Patient,1.0,4.20122,-4.20122,1268.0,5327.14833
6590080013,DEXTROSE-10% IV-500ML,Medicine,Rayan Hospital,RYN_IP,,,,1132540002,10-02-2024,7.5,-7.5,846853.0,PCS,Issue to Patient,1.0,4.20122,-4.20122,1267.0,5322.94711
6590080013,DEXTROSE-10% IV-500ML,Medicine,Rayan Hospital,RYN_IP,,,,1132712096,11-02-2024,7.5,-7.5,846853.0,PCS,Issue to Patient,1.0,4.20122,-4.20122,1266.0,5318.74589
6590080013,DEXTROSE-10% IV-500ML,Medicine,Rayan Hospital,RYN_IP,,,,1132733192,11-02-2024,7.5,-7.5,846853.0,PCS,Issue to Patient,1.0,4.20122,-4.20122,1265.0,5314.54467
6590080013,DEXTROSE-10% IV-500ML,Medicine,Rayan Hospital,RYN_IP,,,,1132793943,11-02-2024,7.5,-7.5,846855.0,PCS,Issue to Patient,1.0,4.20122,-4.20122,1264.0,5310.34345
6590080013,DEXTROSE-10% IV-500ML,Medicine,Rayan Hospital,RYN_IP,,,,1132800465,11-02-2024,7.5,-7.5,846853.0,PCS,Issue to Patient,1.0,4.20122,-4.20122,1263.0,5306.14223
6590080013,DEXTROSE-10% IV-500ML,Medicine,Rayan Hospital,RYN_IP,,,,1133085316,11-02-2024,7.5,-7.5,846853.0,PCS,Issue to Patient,1.0,4.20122,-4.20122,1262.0,5301.94101
6590080013,DEXTROSE-10% IV-500ML,Medicine,Rayan Hospital,RYN_IP,,,,1133409312,12-02-2024,7.5,-7.5,846856.0,PCS,Issue to Patient,1.0,4.20122,-4.20122,1261.0,5297.73979
6590080013,DEXTROSE-10% IV-500ML,Medicine,Rayan Hospital,RYN_IP,,,,1133431421,12-02-2024,7.5,-7.5,846855.0,PCS,Issue to Patient,1.0,4.20122,-4.20122,1260.0,5293.53856
6590080013,DEXTROSE-10% IV-500ML,Medicine,Rayan Hospital,RYN_IP,,,,1134120532,13-02-2024,7.5,-7.5,846853.0,PCS,Issue to Patient,1.0,4.20122,-4.20122,1259.0,5289.33734
6590080013,DEXTROSE-10% IV-500ML,Medicine,Rayan Hospital,RYN_IP,,,,1134123503,13-02-2024,7.5,-15.0,846853.0,PCS,Issue to Patient,2.0,4.20122,-8.40244,1257.0,5280.9349
6590080013,DEXTROSE-10% IV-500ML,Medicine,Rayan Hospital,RYN_IP,,,,1134622760,14-02-2024,7.5,-7.5,846853.0,PCS,Issue to Patient,1.0,4.20122,-4.20122,1256.0,5276.73368
6590080013,DEXTROSE-10% IV-500ML,Medicine,Rayan Hospital,RYN_IP,,,,1134632180,14-02-2024,7.5,-7.5,846856.0,PCS,Issue to Patient,1.0,4.20122,-4.20122,1255.0,5272.53246
6590080013,DEXTROSE-10% IV-500ML,Medicine,Rayan Hospital,RYN_IP,,,,1134634771,14-02-2024,7.5,-7.5,846856.0,PCS,Issue to Patient,1.0,4.20122,-4.20122,1254.0,5268.33124
6590080013,DEXTROSE-10% IV-500ML,Medicine,Rayan Hospital,RYN_IP,,,,1135712795,16-02-2024,7.5,-7.5,846855.0,PCS,Issue to Patient,1.0,4.20122,-4.20122,1253.0,5264.13002
6590080013,DEXTROSE-10% IV-500ML,Medicine,Rayan Hospital,RYN_IP,,,,1135712835,16-02-2024,7.5,-7.5,846856.0,PCS,Issue to Patient,1.0,4.20122,-4.20122,1252.0,5259.9288
6590080013,DEXTROSE-10% IV-500ML,Medicine,Rayan Hospital,RYN_IP,,,,1135712875,16-02-2024,7.5,-7.5,846853.0,PCS,Issue to Patient,1.0,4.20122,-4.20122,1251.0,5255.72758
6590080013,DEXTROSE-10% IV-500ML,Medicine,Rayan Hospital,RYN_IP,,,,1135727875,16-02-2024,7.5,-7.5,846853.0,PCS,Issue to Patient,1.0,4.20122,-4.20122,1250.0,5251.52635
6590080013,DEXTROSE-10% IV-500ML,Medicine,Rayan Hospital,RYN_IP,,,,1135731084,16-02-2024,7.5,-7.5,846853.0,PCS,Issue to Patient,1.0,4.20122,-4.20122,1249.0,5247.32513
6590080013,DEXTROSE-10% IV-500ML,Medicine,Rayan Hospital,RYN_IP,,,,1135737695,16-02-2024,7.5,-7.5,846856.0,PCS,Issue to Patient,1.0,4.20122,-4.20122,1248.0,5243.12391
6590080013,DEXTROSE-10% IV-500ML,Medicine,Rayan Hospital,RYN_IP,,,,1135787338,16-02-2024,7.5,-7.5,846853.0,PCS,Issue to Patient,1.0,4.20122,-4.20122,1247.0,5238.92269
6590080013,DEXTROSE-10% IV-500ML,Medicine,Rayan Hospital,RYN_IP,,,,1135971310,17-02-2024,7.5,-7.5,846855.0,PCS,Issue to Patient,1.0,4.20122,-4.20122,1246.0,5234.72147
6590080013,DEXTROSE-10% IV-500ML,Medicine,Rayan Hospital,RYN_IP,,,,1135984206,17-02-2024,7.5,-7.5,846853.0,PCS,Issue to Patient,1.0,4.20122,-4.20122,1245.0,5230.52025
6590080013,DEXTROSE-10% IV-500ML,Medicine,Rayan Hospital,RYN_IP,,,,1135984221,17-02-2024,7.5,-7.5,846853.0,PCS,Issue to Patient,1.0,4.20122,-4.20122,1244.0,5226.31903
6590080013,DEXTROSE-10% IV-500ML,Medicine,Rayan Hospital,RYN_IP,,,,1135989995,17-02-2024,7.5,-7.5,846853.0,PCS,Issue to Patient,1.0,4.20122,-4.20122,1243.0,5222.11781
6590080013,DEXTROSE-10% IV-500ML,Medicine,Rayan Hospital,RYN_IP,,,,1135993213,17-02-2024,7.5,-7.5,846853.0,PCS,Issue to Patient,1.0,4.20122,-4.20122,1242.0,5217.91659
6590080013,DEXTROSE-10% IV-500ML,Medicine,Rayan Hospital,RYN_IP,,,,1136073097,17-02-2024,7.5,-7.5,846853.0,PCS,Issue to Patient,1.0,4.20122,-4.20122,1241.0,5213.71536
6590080013,DEXTROSE-10% IV-500ML,Medicine,Rayan Hospital,RYN_IP,,,,1136574592,18-02-2024,7.5,-7.5,846853.0,PCS,Issue to Patient,1.0,4.20122,-4.20122,1240.0,5209.51414
6590080013,DEXTROSE-10% IV-500ML,Medicine,Rayan Hospital,RYN_IP,,,,1136636235,18-02-2024,7.5,-7.5,846855.0,PCS,Issue to Patient,1.0,4.20122,-4.20122,1239.0,5205.31292
6590080013,DEXTROSE-10% IV-500ML,Medicine,Rayan Hospital,RYN_IP,,,,1136674749,18-02-2024,7.5,-7.5,846853.0,PCS,Issue to Patient,1.0,4.20122,-4.20122,1238.0,5201.1117
6590080013,DEXTROSE-10% IV-500ML,Medicine,Rayan Hospital,RYN_IP,,,,1137159241,19-02-2024,7.5,-7.5,846853.0,PCS,Issue to Patient,1.0,4.20122,-4.20122,1237.0,5196.91048
6590080013,DEXTROSE-10% IV-500ML,Medicine,Rayan Hospital,RYN_IP,,,,1137744833,20-02-2024,7.5,-7.5,846855.0,PCS,Issue to Patient,1.0,4.20122,-4.20122,1236.0,5192.70926
6590080013,DEXTROSE-10% IV-500ML,Medicine,Rayan Hospital,RYN_IP,,,,1139226234,22-02-2024,7.5,-7.5,846856.0,PCS,Issue to Patient,1.0,4.20122,-4.20122,1235.0,5188.50804
6590080013,DEXTROSE-10% IV-500ML,Medicine,Rayan Hospital,RYN_IP,,,,1139337630,23-02-2024,7.5,-7.5,846855.0,PCS,Issue to Patient,1.0,4.20122,-4.20122,1234.0,5184.30682
6590080013,DEXTROSE-10% IV-500ML,Medicine,Rayan Hospital,RYN_IP,,,,1139538106,24-02-2024,7.5,-7.5,846853.0,PCS,Issue to Patient,1.0,4.20122,-4.20122,1233.0,5180.1056
6590080013,DEXTROSE-10% IV-500ML,Medicine,Rayan Hospital,RYN_IP,,,,1139546633,24-02-2024,7.5,-7.5,846856.0,PCS,Issue to Patient,1.0,4.20122,-4.20122,1232.0,5175.90437
6590080013,DEXTROSE-10% IV-500ML,Medicine,Rayan Hospital,RYN_IP,,,,1139554810,24-02-2024,7.5,-7.5,846856.0,PCS,Issue to Patient,1.0,4.20122,-4.20122,1231.0,5171.70315
6590080013,DEXTROSE-10% IV-500ML,Medicine,Rayan Hospital,RYN_IP,,,,1139561499,24-02-2024,7.5,-7.5,846856.0,PCS,Issue to Patient,1.0,4.20122,-4.20122,1230.0,5167.50193
6590080013,DEXTROSE-10% IV-500ML,Medicine,Rayan Hospital,RYN_IP,,,,1139609965,24-02-2024,7.5,-7.5,846856.0,PCS,Issue to Patient,1.0,4.20122,-4.20122,1229.0,5163.30071
6590080013,DEXTROSE-10% IV-500ML,Medicine,Rayan Hospital,RYN_IP,,,,1139680013,24-02-2024,7.5,-7.5,846853.0,PCS,Issue to Patient,1.0,4.20122,-4.20122,1228.0,5159.09949
6590080013,DEXTROSE-10% IV-500ML,Medicine,Rayan Hospital,RYN_IP,,,,1140104040,25-02-2024,7.5,-7.5,846853.0,PCS,Issue to Patient,1.0,4.20122,-4.20122,1228.0,5159.09949
6590080013,DEXTROSE-10% IV-500ML,Medicine,Rayan Hospital,RYN_IP,,,,1140115669,25-02-2024,7.5,-7.5,846853.0,PCS,Issue to Patient,1.0,4.20122,-4.20122,1227.0,5154.89827
6590080013,DEXTROSE-10% IV-500ML,Medicine,Rayan Hospital,RYN_IP,,,,1140123152,25-02-2024,7.5,-7.5,846853.0,PCS,Issue to Patient,1.0,4.20122,-4.20122,1226.0,5150.69705
6590080013,DEXTROSE-10% IV-500ML,Medicine,Rayan Hospital,RYN_IP,,,,1140308859,25-02-2024,7.5,-7.5,846856.0,PCS,Issue to Patient,1.0,4.20122,-4.20122,1225.0,5146.49583
6590080013,DEXTROSE-10% IV-500ML,Medicine,Rayan Hospital,RYN_IP,,,,1140664526,26-02-2024,7.5,-7.5,846856.0,PCS,Issue to Patient,1.0,4.20122,-4.20122,1224.0,5142.29461
6590080013,DEXTROSE-10% IV-500ML,Medicine,Rayan Hospital,RYN_IP,,,,1140723921,26-02-2024,7.5,-7.5,846853.0,PCS,Issue to Patient,1.0,4.20122,-4.20122,1223.0,5138.09338
6590080013,DEXTROSE-10% IV-500ML,Medicine,Rayan Hospital,RYN_IP,,,,1140727216,26-02-2024,7.5,-7.5,846853.0,PCS,Issue to Patient,1.0,4.20122,-4.20122,1222.0,5133.89216
6590080013,DEXTROSE-10% IV-500ML,Medicine,Rayan Hospital,RYN_IP,,,,1140829396,26-02-2024,7.5,-7.5,846855.0,PCS,Issue to Patient,1.0,4.20122,-4.20122,1221.0,5129.69094
6590080013,DEXTROSE-10% IV-500ML,Medicine,Rayan Hospital,RYN_IP,,,,1140831614,26-02-2024,7.5,-7.5,846853.0,PCS,Issue to Patient,1.0,4.20122,-4.20122,1220.0,5125.48972
6590080013,DEXTROSE-10% IV-500ML,Medicine,Rayan Hospital,RYN_IP,,,,1141283658,27-02-2024,7.5,-7.5,846853.0,PCS,Issue to Patient,1.0,4.20122,-4.20122,1219.0,5121.2885
6590080013,DEXTROSE-10% IV-500ML,Medicine,Rayan Hospital,RYN_IP,,,,1141370160,27-02-2024,7.5,-7.5,846853.0,PCS,Issue to Patient,1.0,4.20122,-4.20122,1218.0,5117.08728
6590080013,DEXTROSE-10% IV-500ML,Medicine,Rayan Hospital,RYN_IP,,,,1141878778,28-02-2024,7.5,-7.5,846853.0,PCS,Issue to Patient,1.0,4.20122,-4.20122,1217.0,5112.88606
6590080013,DEXTROSE-10% IV-500ML,Medicine,Rayan Hospital,RYN_IP,,,,1141918610,28-02-2024,7.5,-7.5,846853.0,PCS,Issue to Patient,1.0,4.20122,-4.20122,1216.0,5108.68484
6590080013,DEXTROSE-10% IV-500ML,Medicine,Rayan Hospital,RYN_IP,,,,1141951736,28-02-2024,7.5,-7.5,846853.0,PCS,Issue to Patient,1.0,4.20122,-4.20122,1215.0,5104.48362
6590080013,DEXTROSE-10% IV-500ML,Medicine,Rayan Hospital,RYN_IP,,,,1142317130,28-02-2024,7.5,-7.5,846856.0,PCS,Issue to Patient,1.0,4.20122,-4.20122,1214.0,5100.2824
6590080013,DEXTROSE-10% IV-500ML,Medicine,Rayan Hospital,RYN_IP,,,,1142320290,28-02-2024,7.5,-7.5,846853.0,PCS,Issue to Patient,1.0,4.20122,-4.20122,1213.0,5096.08117
6590080013,DEXTROSE-10% IV-500ML,Medicine,Rayan Hospital,RYN_IP,,,,1142449520,29-02-2024,7.5,-7.5,846853.0,PCS,Issue to Patient,1.0,4.20122,-4.20122,1212.0,5091.87995
6590080013,DEXTROSE-10% IV-500ML,Medicine,Rayan Hospital,RYN_IP,,,,1142457891,29-02-2024,7.5,-7.5,846853.0,PCS,Issue to Patient,1.0,4.20122,-4.20122,1211.0,5087.67873
6590080013,DEXTROSE-10% IV-500ML,Medicine,Rayan Hospital,RYN_IP,,,,1142829781,29-02-2024,7.5,-7.5,846853.0,PCS,Issue to Patient,1.0,4.20122,-4.20122,1210.0,5083.47751
6590080013,DEXTROSE-10% IV-500ML,Medicine,Rayan Hospital,RYN_IP,,,,1142896946,01-03-2024,7.5,-7.5,846856.0,PCS,Issue to Patient,1.0,4.20122,-4.20122,1209.0,5079.27629
6590080013,DEXTROSE-10% IV-500ML,Medicine,Rayan Hospital,RYN_IP,,,,1142896961,01-03-2024,7.5,-7.5,846856.0,PCS,Issue to Patient,1.0,4.20122,-4.20122,1208.0,5075.07507
6590080013,DEXTROSE-10% IV-500ML,Medicine,Rayan Hospital,RYN_IP,,,,1142927181,01-03-2024,7.5,-7.5,846856.0,PCS,Issue to Patient,1.0,4.20122,-4.20122,1207.0,5070.87385
6590080013,DEXTROSE-10% IV-500ML,Medicine,Rayan Hospital,RYN_IP,,,,1142929803,01-03-2024,7.5,-7.5,846856.0,PCS,Issue to Patient,1.0,4.20122,-4.20122,1206.0,5066.67263
6590080013,DEXTROSE-10% IV-500ML,Medicine,Rayan Hospital,RYN_IP,,,,1143036463,01-03-2024,7.5,-7.5,846856.0,PCS,Issue to Patient,1.0,4.20122,-4.20122,1205.0,5062.47141
6590080013,DEXTROSE-10% IV-500ML,Medicine,Rayan Hospital,RYN_IP,,,,1143071481,01-03-2024,7.5,-15.0,846855.0,PCS,Issue to Patient,2.0,4.20122,-8.40244,1203.0,5054.06896
6590080013,DEXTROSE-10% IV-500ML,Medicine,Rayan Hospital,RYN_IP,,,,1143090880,01-03-2024,7.5,-7.5,846855.0,PCS,Issue to Patient,1.0,4.20122,-4.20122,1202.0,5049.86774
6590080013,DEXTROSE-10% IV-500ML,Medicine,Rayan Hospital,STAGE,Rayan Hospital Clinics,RAY_ER,17516955,1143231357,02-03-2024,7.5,-7.5,846853.0,PCS,Int Order Direct Ship,1.0,4.20122,-4.20122,1201.0,5045.66652
6590080013,DEXTROSE-10% IV-500ML,Medicine,Rayan Hospital,RYN_IP,,,,1143338233,02-03-2024,7.5,-7.5,846853.0,PCS,Issue to Patient,1.0,4.20122,-4.20122,1200.0,5041.4653
6590080013,DEXTROSE-10% IV-500ML,Medicine,Rayan Hospital,RYN_IP,,,,1143383315,02-03-2024,7.5,-7.5,846853.0,PCS,Issue to Patient,1.0,4.20122,-4.20122,1199.0,5037.26408
6590080013,DEXTROSE-10% IV-500ML,Medicine,Rayan Hospital,RYN_IP,,,,1143386304,02-03-2024,7.5,-7.5,846853.0,PCS,Issue to Patient,1.0,4.20122,-4.20122,1198.0,5033.06286
6590080013,DEXTROSE-10% IV-500ML,Medicine,Rayan Hospital,RYN_IP,,,,1143406574,02-03-2024,7.5,-7.5,846856.0,PCS,Issue to Patient,1.0,4.20122,-4.20122,1197.0,5028.86164
6590080013,DEXTROSE-10% IV-500ML,Medicine,Rayan Hospital,RYN_IP,,,,1143787370,03-03-2024,7.5,-7.5,846856.0,PCS,Issue to Patient,1.0,4.20122,-4.20122,1196.0,5024.66042
6590080013,DEXTROSE-10% IV-500ML,Medicine,Rayan Hospital,RYN_IP,,,,1143787380,03-03-2024,7.5,-7.5,846855.0,PCS,Issue to Patient,1.0,4.20122,-4.20122,1195.0,5020.45919
6590080013,DEXTROSE-10% IV-500ML,Medicine,Rayan Hospital,RYN_IP,,,,1143787405,03-03-2024,7.5,-7.5,846855.0,PCS,Issue to Patient,1.0,4.20122,-4.20122,1194.0,5016.25797
6590080013,DEXTROSE-10% IV-500ML,Medicine,Rayan Hospital,RYN_IP,,,,1143940849,03-03-2024,7.5,-7.5,846856.0,PCS,Issue to Patient,1.0,4.20122,-4.20122,1193.0,5012.05675
6590080013,DEXTROSE-10% IV-500ML,Medicine,Rayan Hospital,RYN_IP,,,,1144286380,04-03-2024,7.5,-7.5,846853.0,PCS,Issue to Patient,1.0,4.20122,-4.20122,1192.0,5007.85553
6590080013,DEXTROSE-10% IV-500ML,Medicine,Rayan Hospital,RYN_IP,,,,1144626280,04-03-2024,7.5,-7.5,846853.0,PCS,Issue to Patient,1.0,4.20122,-4.20122,1191.0,5003.65431
6590080013,DEXTROSE-10% IV-500ML,Medicine,Rayan Hospital,RYN_IP,,,,1145055288,05-03-2024,7.5,-7.5,846853.0,PCS,Issue to Patient,1.0,4.20122,-4.20122,1190.0,4999.45309
6590080013,DEXTROSE-10% IV-500ML,Medicine,Rayan Hospital,RYN_IP,,,,1145670522,06-03-2024,7.5,-7.5,846855.0,PCS,Issue to Patient,1.0,4.20122,-4.20122,1189.0,4995.25187
6590080013,DEXTROSE-10% IV-500ML,Medicine,Rayan Hospital,RYN_IP,,,,1146313648,07-03-2024,7.5,-7.5,846853.0,PCS,Issue to Patient,1.0,4.20122,-4.20122,1188.0,4991.05065
6590080013,DEXTROSE-10% IV-500ML,Medicine,Rayan Hospital,RYN_IP,,,,1146350984,07-03-2024,7.5,-7.5,846853.0,PCS,Issue to Patient,1.0,4.20122,-4.20122,1187.0,4986.84943
6590080013,DEXTROSE-10% IV-500ML,Medicine,Rayan Hospital,RYN_IP,,,,1146857269,08-03-2024,7.5,-7.5,846853.0,PCS,Issue to Patient,1.0,4.20122,-4.20122,1186.0,4982.6482
6590080013,DEXTROSE-10% IV-500ML,Medicine,Rayan Hospital,RYN_IP,,,,1147106947,09-03-2024,7.5,-7.5,846853.0,PCS,Issue to Patient,1.0,4.20122,-4.20122,1185.0,4978.44698
6590080013,DEXTROSE-10% IV-500ML,Medicine,Rayan Hospital,RYN_IP,,,,1147154174,09-03-2024,7.5,-7.5,846856.0,PCS,Issue to Patient,1.0,4.20122,-4.20122,1184.0,4974.24576
6590080013,DEXTROSE-10% IV-500ML,Medicine,Rayan Hospital,RYN_IP,,,,1147768431,10-03-2024,7.5,-7.5,846853.0,PCS,Issue to Patient,1.0,4.20122,-4.20122,1183.0,4970.04454
6590080013,DEXTROSE-10% IV-500ML,Medicine,Rayan Hospital,RYN_IP,,,,1147771676,10-03-2024,7.5,-7.5,846853.0,PCS,Issue to Patient,1.0,4.20122,-4.20122,1182.0,4965.84332
6590080013,DEXTROSE-10% IV-500ML,Medicine,Rayan Hospital,RYN_IP,,,,1148257098,11-03-2024,7.5,-7.5,846853.0,PCS,Issue to Patient,1.0,4.20122,-4.20122,1181.0,4961.6421
6590080013,DEXTROSE-10% IV-500ML,Medicine,Rayan Hospital,RYN_IP,,,,1148298631,11-03-2024,7.5,-7.5,846856.0,PCS,Issue to Patient,1.0,4.20122,-4.20122,1180.0,4957.44088
6590080013,DEXTROSE-10% IV-500ML,Medicine,Rayan Hospital,RYN_IP,,,,1148323870,11-03-2024,7.5,-7.5,846853.0,PCS,Issue to Patient,1.0,4.20122,-4.20122,1179.0,4953.23966
6590080013,DEXTROSE-10% IV-500ML,Medicine,Rayan Hospital,RYN_IP,,,,1148332512,11-03-2024,7.5,-7.5,846853.0,PCS,Issue to Patient,1.0,4.20122,-4.20122,1178.0,4949.03844
6590080013,DEXTROSE-10% IV-500ML,Medicine,Rayan Hospital,RYN_IP,,,,1148746463,12-03-2024,7.5,-7.5,846853.0,PCS,Issue to Patient,1.0,4.20122,-4.20122,1177.0,4944.83722
6590080013,DEXTROSE-10% IV-500ML,Medicine,Rayan Hospital,RYN_IP,,,,1148786239,12-03-2024,7.5,-7.5,846853.0,PCS,Issue to Patient,1.0,4.20122,-4.20122,1176.0,4940.63599
6590080013,DEXTROSE-10% IV-500ML,Medicine,Rayan Hospital,RYN_IP,,,,1149142015,12-03-2024,7.5,-7.5,846853.0,PCS,Issue to Patient,1.0,4.20122,-4.20122,1175.0,4936.43477
6590080013,DEXTROSE-10% IV-500ML,Medicine,Rayan Hospital,RYN_IP,,,,1149345128,13-03-2024,7.5,-7.5,846853.0,PCS,Issue to Patient,1.0,4.20122,-4.20122,1174.0,4932.23355
6590080013,DEXTROSE-10% IV-500ML,Medicine,Rayan Hospital,RYN_IP,,,,1149405131,13-03-2024,7.5,-7.5,846853.0,PCS,Issue to Patient,1.0,4.20122,-4.20122,1173.0,4928.03233
6590080013,DEXTROSE-10% IV-500ML,Medicine,Rayan Hospital,RYN_IP,,,,1149573596,13-03-2024,7.5,-7.5,846855.0,PCS,Issue to Patient,1.0,4.20122,-4.20122,1172.0,4923.83111
6590080013,DEXTROSE-10% IV-500ML,Medicine,Rayan Hospital,RYN_IP,,,,1149591396,13-03-2024,7.5,-7.5,846853.0,PCS,Issue to Patient,1.0,4.20122,-4.20122,1171.0,4919.62989
6590080013,DEXTROSE-10% IV-500ML,Medicine,Rayan Hospital,RYN_IP,,,,1149877202,14-03-2024,7.5,-7.5,846853.0,PCS,Issue to Patient,1.0,4.20122,-4.20122,1170.0,4915.42867
6590080013,DEXTROSE-10% IV-500ML,Medicine,Rayan Hospital,RYN_IP,,,,1149889734,14-03-2024,7.5,-7.5,846853.0,PCS,Issue to Patient,1.0,4.20122,-4.20122,1169.0,4911.22745
6590080013,DEXTROSE-10% IV-500ML,Medicine,Rayan Hospital,RYN_IP,,,,1149953984,14-03-2024,7.5,-7.5,846855.0,PCS,Issue to Patient,1.0,4.20122,-4.20122,1168.0,4907.02623
6590080013,DEXTROSE-10% IV-500ML,Medicine,Rayan Hospital,RYN_IP,,,,1150103502,14-03-2024,7.5,-7.5,846855.0,PCS,Issue to Patient,1.0,4.20122,-4.20122,1167.0,4902.825
6590080013,DEXTROSE-10% IV-500ML,Medicine,Rayan Hospital,RYN_IP,,,,1150140515,14-03-2024,7.5,-7.5,846853.0,PCS,Issue to Patient,1.0,4.20122,-4.20122,1166.0,4898.62378
6590080013,DEXTROSE-10% IV-500ML,Medicine,Rayan Hospital,RYN_IP,,,,1150212082,14-03-2024,7.5,-7.5,846856.0,PCS,Issue to Patient,1.0,4.20122,-4.20122,1165.0,4894.42256
6590080013,DEXTROSE-10% IV-500ML,Medicine,Rayan Hospital,RYN_IP,,,,1150267066,15-03-2024,7.5,-7.5,846853.0,PCS,Issue to Patient,1.0,4.20122,-4.20122,1164.0,4890.22134
6590080013,DEXTROSE-10% IV-500ML,Medicine,Rayan Hospital,RYN_IP,,,,1150305992,15-03-2024,7.5,-7.5,846853.0,PCS,Issue to Patient,1.0,4.20122,-4.20122,1163.0,4886.02012
6590080013,DEXTROSE-10% IV-500ML,Medicine,Rayan Hospital,RYN_IP,,,,1150369168,15-03-2024,7.5,-7.5,846853.0,PCS,Issue to Patient,1.0,4.20122,-4.20122,1162.0,4881.8189
6590080013,DEXTROSE-10% IV-500ML,Medicine,Rayan Hospital,RYN_IP,,,,1150369183,15-03-2024,7.5,-7.5,846853.0,PCS,Issue to Patient,1.0,4.20122,-4.20122,1161.0,4877.61768
6590080013,DEXTROSE-10% IV-500ML,Medicine,Rayan Hospital,RYN_IP,,,,1150373542,15-03-2024,7.5,-7.5,846856.0,PCS,Issue to Patient,1.0,4.20122,-4.20122,1160.0,4873.41646
6590080013,DEXTROSE-10% IV-500ML,Medicine,Rayan Hospital,RYN_IP,,,,1150536312,16-03-2024,7.5,-7.5,846856.0,PCS,Issue to Patient,1.0,4.20122,-4.20122,1159.0,4869.21524
6590080013,DEXTROSE-10% IV-500ML,Medicine,Rayan Hospital,RYN_IP,,,,1152172302,19-03-2024,7.5,-7.5,846853.0,PCS,Issue to Patient,1.0,4.20122,-4.20122,1158.0,4865.01401
6590080013,DEXTROSE-10% IV-500ML,Medicine,Rayan Hospital,RYN_IP,,,,1152392771,19-03-2024,7.5,-7.5,846856.0,PCS,Issue to Patient,1.0,4.20122,-4.20122,1157.0,4860.81279
6590080013,DEXTROSE-10% IV-500ML,Medicine,Rayan Hospital,RYN_IP,,,,1152392781,19-03-2024,7.5,-7.5,846856.0,PCS,Issue to Patient,1.0,4.20122,-4.20122,1156.0,4856.61157
6590080013,DEXTROSE-10% IV-500ML,Medicine,Rayan Hospital,RYN_IP,,,,1152419338,19-03-2024,7.5,-7.5,846856.0,PCS,Issue to Patient,1.0,4.20122,-4.20122,1155.0,4852.41035
6590080013,DEXTROSE-10% IV-500ML,Medicine,Rayan Hospital,RYN_IP,,,,1152860600,20-03-2024,7.5,-7.5,846856.0,PCS,Issue to Patient,1.0,4.20122,-4.20122,1154.0,4848.20913
6590080013,DEXTROSE-10% IV-500ML,Medicine,Rayan Hospital,RYN_IP,,,,1152863451,20-03-2024,7.5,-7.5,846856.0,PCS,Issue to Patient,1.0,4.20122,-4.20122,1153.0,4844.00791
6590080013,DEXTROSE-10% IV-500ML,Medicine,Rayan Hospital,RYN_IP,,,,1153831335,22-03-2024,7.5,-7.5,846853.0,PCS,Issue to Patient,1.0,4.20122,-4.20122,1152.0,4839.80669
6590080013,DEXTROSE-10% IV-500ML,Medicine,Rayan Hospital,RYN_IP,,,,1154228795,23-03-2024,7.5,-15.0,846853.0,PCS,Issue to Patient,2.0,4.20122,-8.40244,1150.0,4831.40425
6590080013,DEXTROSE-10% IV-500ML,Medicine,Rayan Hospital,RYN_IP,,,,1155581659,26-03-2024,7.5,-7.5,846856.0,PCS,Issue to Patient,1.0,4.20122,-4.20122,1149.0,4827.20302
6590080013,DEXTROSE-10% IV-500ML,Medicine,Rayan Hospital,RYN_IP,,,,1155589017,26-03-2024,7.5,-7.5,846855.0,PCS,Issue to Patient,1.0,4.20122,-4.20122,1148.0,4823.0018
6590080013,DEXTROSE-10% IV-500ML,Medicine,Rayan Hospital,RYN_IP,,,,1156103000,27-03-2024,7.5,-7.5,846855.0,PCS,Issue to Patient,1.0,4.20122,-4.20122,1147.0,4818.80058
6590080013,DEXTROSE-10% IV-500ML,Medicine,Rayan Hospital,RYN_IP,,,,1156139151,27-03-2024,7.5,-7.5,846853.0,PCS,Issue to Patient,1.0,4.20122,-4.20122,1146.0,4814.59936
6590080013,DEXTROSE-10% IV-500ML,Medicine,Rayan Hospital,RYN_IP,,,,1156667574,28-03-2024,7.5,-15.0,846853.0,PCS,Issue to Patient,2.0,4.20122,-8.40244,1144.0,4806.19692
6590080013,DEXTROSE-10% IV-500ML,Medicine,Rayan Hospital,RYN_IP,,,,1156679515,28-03-2024,7.5,-7.5,846853.0,PCS,Issue to Patient,1.0,4.20122,-4.20122,1143.0,4801.9957
6590080013,DEXTROSE-10% IV-500ML,Medicine,Rayan Hospital,RYN_IP,,,,1156696264,28-03-2024,7.5,-7.5,846855.0,PCS,Issue to Patient,1.0,4.20122,-4.20122,1142.0,4797.79448
6590080013,DEXTROSE-10% IV-500ML,Medicine,Rayan Hospital,RYN_IP,,,,1156956198,28-03-2024,7.5,-15.0,846853.0,PCS,Issue to Patient,2.0,4.20122,-8.40244,1140.0,4789.39203
6590080013,DEXTROSE-10% IV-500ML,Medicine,Rayan Hospital,RYN_IP,,,,1156982749,28-03-2024,7.5,-7.5,846856.0,PCS,Issue to Patient,1.0,4.20122,-4.20122,1139.0,4785.19081
6590080013,DEXTROSE-10% IV-500ML,Medicine,Rayan Hospital,RYN_IP,,,,1157185089,29-03-2024,7.5,-15.0,846853.0,PCS,Issue to Patient,2.0,4.20122,-8.40244,1137.0,4776.78837
6590080013,DEXTROSE-10% IV-500ML,Medicine,Rayan Hospital,RYN_IP,,,,1157187248,29-03-2024,7.5,-7.5,846853.0,PCS,Issue to Patient,1.0,4.20122,-4.20122,1136.0,4772.58715
6590080013,DEXTROSE-10% IV-500ML,Medicine,Rayan Hospital,RYN_IP,,,,1157207003,29-03-2024,7.5,-7.5,846853.0,PCS,Issue to Patient,1.0,4.20122,-4.20122,1135.0,4768.38593
6590080013,DEXTROSE-10% IV-500ML,Medicine,Rayan Hospital,RYN_IP,,,,1157236795,29-03-2024,7.5,-15.0,846853.0,PCS,Issue to Patient,2.0,4.20122,-8.40244,1133.0,4759.98349
6590080013,DEXTROSE-10% IV-500ML,Medicine,Rayan Hospital,RYN_IP,,,,1157260392,29-03-2024,7.5,-15.0,846853.0,PCS,Issue to Patient,2.0,4.20122,-8.40244,1131.0,4751.58105
6590080013,DEXTROSE-10% IV-500ML,Medicine,Rayan Hospital,RYN_IP,,,,1157641596,30-03-2024,7.5,-7.5,846853.0,PCS,Issue to Patient,1.0,4.20122,-4.20122,1130.0,4747.37982
6590080013,DEXTROSE-10% IV-500ML,Medicine,Rayan Hospital,RYN_IP,,,,1159890549,04-04-2024,7.5,-7.5,846853.0,PCS,Issue to Patient,1.0,4.20122,-4.20122,1129.0,4743.1786
6590080013,DEXTROSE-10% IV-500ML,Medicine,Rayan Hospital,RYN_IP,,,,1159905167,04-04-2024,7.5,-7.5,846853.0,PCS,Issue to Patient,1.0,4.20122,-4.20122,1128.0,4738.97738
6590080013,DEXTROSE-10% IV-500ML,Medicine,Rayan Hospital,RYN_IP,,,,1159907111,04-04-2024,7.5,-7.5,846853.0,PCS,Issue to Patient,1.0,4.20122,-4.20122,1127.0,4734.77616
6590080013,DEXTROSE-10% IV-500ML,Medicine,Rayan Hospital,RYN_IP,,,,1160024971,04-04-2024,7.5,-7.5,846853.0,PCS,Issue to Patient,1.0,4.20122,-4.20122,1126.0,4730.57494
6590080013,DEXTROSE-10% IV-500ML,Medicine,Rayan Hospital,RYN_IP,,,,1160580785,06-04-2024,7.5,-7.5,846853.0,PCS,Issue to Patient,1.0,4.20122,-4.20122,1125.0,4726.37372
6590080013,DEXTROSE-10% IV-500ML,Medicine,Rayan Hospital,RYN_IP,,,,1160633203,06-04-2024,7.5,-7.5,846856.0,PCS,Issue to Patient,1.0,4.20122,-4.20122,1124.0,4722.1725
6590080013,DEXTROSE-10% IV-500ML,Medicine,Rayan Hospital,RYN_IP,,,,1160957581,07-04-2024,7.5,-7.5,846853.0,PCS,Issue to Patient,1.0,4.20122,-4.20122,1123.0,4717.97128
6590080013,DEXTROSE-10% IV-500ML,Medicine,Rayan Hospital,RYN_IP,,,,1160979175,07-04-2024,7.5,-7.5,846853.0,PCS,Issue to Patient,1.0,4.20122,-4.20122,1122.0,4713.77006
6590080013,DEXTROSE-10% IV-500ML,Medicine,Rayan Hospital,RYN_IP,,,,1161287816,08-04-2024,7.5,-7.5,846856.0,PCS,Issue to Patient,1.0,4.20111,-4.20111,1221.0,5129.55215
6590080013,DEXTROSE-10% IV-500ML,Medicine,Rayan Hospital,RYN_IP,,,,1161417455,08-04-2024,7.5,-7.5,846856.0,PCS,Issue to Patient,1.0,4.20111,-4.20111,1220.0,5125.35104
6590080013,DEXTROSE-10% IV-500ML,Medicine,Rayan Hospital,RYN_IP,,,,1161738486,09-04-2024,7.5,-7.5,846853.0,PCS,Issue to Patient,1.0,4.20111,-4.20111,1219.0,5121.14993
6590080013,DEXTROSE-10% IV-500ML,Medicine,Rayan Hospital,RYN_IP,,,,1161798718,09-04-2024,7.5,-7.5,846857.0,PCS,Issue to Patient,1.0,4.20111,-4.20111,1218.0,5116.94883
6590080013,DEXTROSE-10% IV-500ML,Medicine,Rayan Hospital,RYN_IP,,,,1161887189,10-04-2024,7.5,-7.5,846853.0,PCS,Issue to Patient,1.0,4.20111,-4.20111,1217.0,5112.74772
6590080013,DEXTROSE-10% IV-500ML,Medicine,Rayan Hospital,RYN_IP,,,,1161907825,10-04-2024,7.5,-7.5,846853.0,PCS,Issue to Patient,1.0,4.20111,-4.20111,1216.0,5108.54661
6590080013,DEXTROSE-10% IV-500ML,Medicine,Rayan Hospital,RYN_IP,,,,1161959595,10-04-2024,7.5,-7.5,846856.0,PCS,Issue to Patient,1.0,4.20111,-4.20111,1215.0,5104.3455
6590080013,DEXTROSE-10% IV-500ML,Medicine,Rayan Hospital,RYN_IP,,,,1161988528,11-04-2024,7.5,-7.5,846853.0,PCS,Issue to Patient,1.0,4.20111,-4.20111,1214.0,5100.1444
6590080013,DEXTROSE-10% IV-500ML,Medicine,Rayan Hospital,RYN_IP,,,,1162146944,11-04-2024,7.5,-7.5,846855.0,PCS,Issue to Patient,1.0,4.20111,-4.20111,1213.0,5095.94329
6590080013,DEXTROSE-10% IV-500ML,Medicine,Rayan Hospital,RYN_IP,,,,1162217027,12-04-2024,7.5,-7.5,846853.0,PCS,Issue to Patient,1.0,4.20111,-4.20111,1212.0,5091.74218
6590080013,DEXTROSE-10% IV-500ML,Medicine,Rayan Hospital,RYN_IP,,,,1162234483,12-04-2024,7.5,-7.5,846855.0,PCS,Issue to Patient,1.0,4.20111,-4.20111,1211.0,5087.54107
6590080013,DEXTROSE-10% IV-500ML,Medicine,Rayan Hospital,RYN_IP,,,,1162235243,12-04-2024,7.5,-7.5,846855.0,PCS,Issue to Patient,1.0,4.20111,-4.20111,1210.0,5083.33997
6590080013,DEXTROSE-10% IV-500ML,Medicine,Rayan Hospital,RYN_IP,,,,1162235590,12-04-2024,7.5,-7.5,846856.0,PCS,Issue to Patient,1.0,4.20111,-4.20111,1209.0,5079.13886
6590080013,DEXTROSE-10% IV-500ML,Medicine,Rayan Hospital,RYN_IP,,,,1162239389,12-04-2024,7.5,-7.5,846856.0,PCS,Issue to Patient,1.0,4.20111,-4.20111,1208.0,5074.93775
6590080013,DEXTROSE-10% IV-500ML,Medicine,Rayan Hospital,RYN_IP,,,,1162256165,12-04-2024,7.5,-7.5,846853.0,PCS,Issue to Patient,1.0,4.20111,-4.20111,1207.0,5070.73664
6590080013,DEXTROSE-10% IV-500ML,Medicine,Rayan Hospital,RYN_IP,,,,1162256175,12-04-2024,7.5,-7.5,846856.0,PCS,Issue to Patient,1.0,4.20111,-4.20111,1206.0,5066.53554
6590080013,DEXTROSE-10% IV-500ML,Medicine,Rayan Hospital,RYN_IP,,,,1162283715,12-04-2024,7.5,-7.5,846853.0,PCS,Issue to Patient,1.0,4.20111,-4.20111,1205.0,5062.33443
6590080013,DEXTROSE-10% IV-500ML,Medicine,Rayan Hospital,RYN_IP,,,,1162404073,13-04-2024,7.5,-7.5,846853.0,PCS,Issue to Patient,1.0,4.20111,-4.20111,1204.0,5058.13332
6590080013,DEXTROSE-10% IV-500ML,Medicine,Rayan Hospital,RYN_IP,,,,1162415304,13-04-2024,7.5,-7.5,846853.0,PCS,Issue to Patient,1.0,4.20111,-4.20111,1203.0,5053.93221
6590080013,DEXTROSE-10% IV-500ML,Medicine,Rayan Hospital,RYN_IP,,,,1163446036,15-04-2024,7.5,-15.0,846855.0,PCS,Issue to Patient,2.0,4.20111,-8.40221,1201.0,5045.53
6590080013,DEXTROSE-10% IV-500ML,Medicine,Rayan Hospital,RYN_IP,,,,1163452313,15-04-2024,7.5,-7.5,846856.0,PCS,Issue to Patient,1.0,4.20111,-4.20111,1200.0,5041.32889
6590080013,DEXTROSE-10% IV-500ML,Medicine,Rayan Hospital,RYN_IP,,,,1163457617,15-04-2024,7.5,-7.5,846855.0,PCS,Issue to Patient,1.0,4.20111,-4.20111,1199.0,5037.12779
6590080013,DEXTROSE-10% IV-500ML,Medicine,Rayan Hospital,RYN_IP,,,,1163462007,15-04-2024,7.5,-7.5,846856.0,PCS,Issue to Patient,1.0,4.20111,-4.20111,1198.0,5032.92668
6590080013,DEXTROSE-10% IV-500ML,Medicine,Rayan Hospital,RYN_IP,,,,1163751037,16-04-2024,7.5,-7.5,846857.0,PCS,Issue to Patient,1.0,4.20111,-4.20111,1197.0,5028.72557
6590080013,DEXTROSE-10% IV-500ML,Medicine,Rayan Hospital,RYN_IP,,,,1163751072,16-04-2024,7.5,-7.5,846857.0,PCS,Issue to Patient,1.0,4.20111,-4.20111,1196.0,5024.52446
6590080013,DEXTROSE-10% IV-500ML,Medicine,Rayan Hospital,RYN_IP,,,,1163760705,16-04-2024,7.5,-7.5,846857.0,PCS,Issue to Patient,1.0,4.20111,-4.20111,1195.0,5020.32336
6590080013,DEXTROSE-10% IV-500ML,Medicine,Rayan Hospital,RYN_IP,,,,1163767414,16-04-2024,7.5,-7.5,846853.0,PCS,Issue to Patient,1.0,4.20111,-4.20111,1194.0,5016.12225
6590080013,DEXTROSE-10% IV-500ML,Medicine,Rayan Hospital,RYN_IP,,,,1163770839,16-04-2024,7.5,-7.5,846853.0,PCS,Issue to Patient,1.0,4.20111,-4.20111,1193.0,5011.92114
6590080013,DEXTROSE-10% IV-500ML,Medicine,Rayan Hospital,RYN_IP,,,,1163778081,16-04-2024,7.5,-7.5,846853.0,PCS,Issue to Patient,1.0,4.20111,-4.20111,1192.0,5007.72003
6590080013,DEXTROSE-10% IV-500ML,Medicine,Rayan Hospital,RYN_IP,,,,1163875605,16-04-2024,7.5,-7.5,846855.0,PCS,Issue to Patient,1.0,4.20111,-4.20111,1191.0,5003.51893
6590080013,DEXTROSE-10% IV-500ML,Medicine,Rayan Hospital,RYN_IP,,,,1164315862,17-04-2024,7.5,-7.5,846853.0,PCS,Issue to Patient,1.0,4.20111,-4.20111,1190.0,4999.31782
6590080013,DEXTROSE-10% IV-500ML,Medicine,Rayan Hospital,RYN_IP,,,,1164323470,17-04-2024,7.5,-7.5,846853.0,PCS,Issue to Patient,1.0,4.20111,-4.20111,1189.0,4995.11671
6590080013,DEXTROSE-10% IV-500ML,Medicine,Rayan Hospital,RYN_IP,,,,1164340260,17-04-2024,7.5,-7.5,846853.0,PCS,Issue to Patient,1.0,4.20111,-4.20111,1188.0,4990.9156
6590080013,DEXTROSE-10% IV-500ML,Medicine,Rayan Hospital,RYN_IP,,,,1164342477,17-04-2024,7.5,-7.5,846853.0,PCS,Issue to Patient,1.0,4.20111,-4.20111,1187.0,4986.7145
6590080013,DEXTROSE-10% IV-500ML,Medicine,Rayan Hospital,RYN_IP,,,,1164342712,17-04-2024,7.5,-7.5,846853.0,PCS,Issue to Patient,1.0,4.20111,-4.20111,1186.0,4982.51339
6590080013,DEXTROSE-10% IV-500ML,Medicine,Rayan Hospital,RYN_IP,,,,1164414428,17-04-2024,7.5,-7.5,846857.0,PCS,Issue to Patient,1.0,4.20111,-4.20111,1185.0,4978.31228
6590080013,DEXTROSE-10% IV-500ML,Medicine,Rayan Hospital,RYN_IP,,,,1165068823,18-04-2024,7.5,-7.5,846853.0,PCS,Issue to Patient,1.0,4.20111,-4.20111,1184.0,4974.11117
6590080013,DEXTROSE-10% IV-500ML,Medicine,Rayan Hospital,RYN_IP,,,,1165124452,18-04-2024,7.5,-7.5,846853.0,PCS,Issue to Patient,1.0,4.20111,-4.20111,1183.0,4969.91007
6590080013,DEXTROSE-10% IV-500ML,Medicine,Rayan Hospital,RYN_IP,,,,1165124467,18-04-2024,7.5,-7.5,846853.0,PCS,Issue to Patient,1.0,4.20111,-4.20111,1182.0,4965.70896
6590080013,DEXTROSE-10% IV-500ML,Medicine,Rayan Hospital,RYN_IP,,,,1165239079,18-04-2024,7.5,-7.5,846857.0,PCS,Issue to Patient,1.0,4.20111,-4.20111,1181.0,4961.50785
6590080013,DEXTROSE-10% IV-500ML,Medicine,Rayan Hospital,RYN_IP,,,,1165308517,18-04-2024,7.5,-7.5,846853.0,PCS,Issue to Patient,1.0,4.20111,-4.20111,1180.0,4957.30674
6590080013,DEXTROSE-10% IV-500ML,Medicine,Rayan Hospital,RYN_IP,,,,1165410528,19-04-2024,7.5,-7.5,846853.0,PCS,Issue to Patient,1.0,4.20111,-4.20111,1179.0,4953.10564
6590080013,DEXTROSE-10% IV-500ML,Medicine,Rayan Hospital,RYN_IP,,,,1165410548,19-04-2024,7.5,-7.5,846853.0,PCS,Issue to Patient,1.0,4.20111,-4.20111,1178.0,4948.90453
6590080013,DEXTROSE-10% IV-500ML,Medicine,Rayan Hospital,RYN_IP,,,,1165412556,19-04-2024,7.5,-7.5,846853.0,PCS,Issue to Patient,1.0,4.20111,-4.20111,1177.0,4944.70342
6590080013,DEXTROSE-10% IV-500ML,Medicine,Rayan Hospital,RYN_IP,,,,1165412576,19-04-2024,7.5,-7.5,846853.0,PCS,Issue to Patient,1.0,4.20111,-4.20111,1176.0,4940.50231
6590080013,DEXTROSE-10% IV-500ML,Medicine,Rayan Hospital,RYN_IP,,,,1165413385,19-04-2024,7.5,-7.5,846853.0,PCS,Issue to Patient,1.0,4.20111,-4.20111,1175.0,4936.30121
6590080013,DEXTROSE-10% IV-500ML,Medicine,Rayan Hospital,RYN_IP,,,,1165413395,19-04-2024,7.5,-7.5,846855.0,PCS,Issue to Patient,1.0,4.20111,-4.20111,1174.0,4932.1001
6590080013,DEXTROSE-10% IV-500ML,Medicine,Rayan Hospital,RYN_IP,,,,1165414361,19-04-2024,7.5,-7.5,846853.0,PCS,Issue to Patient,1.0,4.20111,-4.20111,1173.0,4927.89899
6590080013,DEXTROSE-10% IV-500ML,Medicine,Rayan Hospital,RYN_IP,,,,1165635480,20-04-2024,7.5,-7.5,846853.0,PCS,Issue to Patient,1.0,4.20111,-4.20111,1172.0,4923.69788
6590080013,DEXTROSE-10% IV-500ML,Medicine,Rayan Hospital,RYN_IP,,,,1165638511,20-04-2024,7.5,-7.5,846853.0,PCS,Issue to Patient,1.0,4.20111,-4.20111,1171.0,4919.49678
6590080013,DEXTROSE-10% IV-500ML,Medicine,Rayan Hospital,RYN_IP,,,,1165640291,20-04-2024,7.5,-7.5,846853.0,PCS,Issue to Patient,1.0,4.20111,-4.20111,1170.0,4915.29567
6590080013,DEXTROSE-10% IV-500ML,Medicine,Rayan Hospital,RYN_IP,,,,1166255125,21-04-2024,7.5,-7.5,846853.0,PCS,Issue to Patient,1.0,4.20111,-4.20111,1169.0,4911.09456
6590080013,DEXTROSE-10% IV-500ML,Medicine,Rayan Hospital,RYN_IP,,,,1166255683,21-04-2024,7.5,-7.5,846853.0,PCS,Issue to Patient,1.0,4.20111,-4.20111,1168.0,4906.89346
6590080013,DEXTROSE-10% IV-500ML,Medicine,Rayan Hospital,RYN_IP,,,,1166257829,21-04-2024,7.5,-7.5,846853.0,PCS,Issue to Patient,1.0,4.20111,-4.20111,1167.0,4902.69235
6590080013,DEXTROSE-10% IV-500ML,Medicine,Rayan Hospital,RYN_IP,,,,1166265738,21-04-2024,7.5,-7.5,846855.0,PCS,Issue to Patient,1.0,4.20111,-4.20111,1166.0,4898.49124
6590080013,DEXTROSE-10% IV-500ML,Medicine,Rayan Hospital,RYN_IP,,,,1166266147,21-04-2024,7.5,-7.5,846856.0,PCS,Issue to Patient,1.0,4.20111,-4.20111,1165.0,4894.29013
6590080013,DEXTROSE-10% IV-500ML,Medicine,Rayan Hospital,RYN_IP,,,,1166872189,22-04-2024,7.5,-7.5,846853.0,PCS,Issue to Patient,1.0,4.20111,-4.20111,1164.0,4890.08903
6590080013,DEXTROSE-10% IV-500ML,Medicine,Rayan Hospital,RYN_IP,,,,1166873031,22-04-2024,7.5,-7.5,846853.0,PCS,Issue to Patient,1.0,4.20111,-4.20111,1163.0,4885.88792
6590080013,DEXTROSE-10% IV-500ML,Medicine,Rayan Hospital,RYN_IP,,,,1166875686,22-04-2024,7.5,-7.5,846853.0,PCS,Issue to Patient,1.0,4.20111,-4.20111,1162.0,4881.68681
6590080013,DEXTROSE-10% IV-500ML,Medicine,Rayan Hospital,RYN_IP,,,,1167439470,23-04-2024,7.5,-7.5,846853.0,PCS,Issue to Patient,1.0,4.20111,-4.20111,1161.0,4877.4857
6590080013,DEXTROSE-10% IV-500ML,Medicine,Rayan Hospital,RYN_IP,,,,1167441364,23-04-2024,7.5,-7.5,846853.0,PCS,Issue to Patient,1.0,4.20111,-4.20111,1160.0,4873.2846
6590080013,DEXTROSE-10% IV-500ML,Medicine,Rayan Hospital,RYN_IP,,,,1167442492,23-04-2024,7.5,-7.5,846853.0,PCS,Issue to Patient,1.0,4.20111,-4.20111,1159.0,4869.08349
6590080013,DEXTROSE-10% IV-500ML,Medicine,Rayan Hospital,RYN_IP,,,,1167456861,23-04-2024,7.5,-7.5,846853.0,PCS,Issue to Patient,1.0,4.20111,-4.20111,1158.0,4864.88238
6590080013,DEXTROSE-10% IV-500ML,Medicine,Rayan Hospital,RYN_IP,,,,1167458242,23-04-2024,7.5,-7.5,846853.0,PCS,Issue to Patient,1.0,4.20111,-4.20111,1157.0,4860.68127
6590080013,DEXTROSE-10% IV-500ML,Medicine,Rayan Hospital,RYN_IP,,,,1167458267,23-04-2024,7.5,-7.5,846853.0,PCS,Issue to Patient,1.0,4.20111,-4.20111,1156.0,4856.48017
6590080013,DEXTROSE-10% IV-500ML,Medicine,Rayan Hospital,RYN_IP,,,,1167458292,23-04-2024,7.5,-7.5,846853.0,PCS,Issue to Patient,1.0,4.20111,-4.20111,1155.0,4852.27906
6590080013,DEXTROSE-10% IV-500ML,Medicine,Rayan Hospital,RYN_IP,,,,1167490685,23-04-2024,7.5,-7.5,846853.0,PCS,Issue to Patient,1.0,4.20111,-4.20111,1154.0,4848.07795
6590080013,DEXTROSE-10% IV-500ML,Medicine,Rayan Hospital,RYN_IP,,,,1167912379,23-04-2024,7.5,-7.5,846853.0,PCS,Issue to Patient,1.0,4.20111,-4.20111,1153.0,4843.87684
6590080013,DEXTROSE-10% IV-500ML,Medicine,Rayan Hospital,RYN_IP,,,,1168143888,24-04-2024,7.5,-7.5,846853.0,PCS,Issue to Patient,1.0,4.20111,-4.20111,1152.0,4839.67574
6590080013,DEXTROSE-10% IV-500ML,Medicine,Rayan Hospital,RYN_IP,,,,1168156238,24-04-2024,7.5,-7.5,846853.0,PCS,Issue to Patient,1.0,4.20111,-4.20111,1151.0,4835.47463
6590080013,DEXTROSE-10% IV-500ML,Medicine,Rayan Hospital,RYN_IP,,,,1168483146,24-04-2024,7.5,-7.5,846853.0,PCS,Issue to Patient,1.0,4.20111,-4.20111,1150.0,4831.27352
6590080013,DEXTROSE-10% IV-500ML,Medicine,Rayan Hospital,RYN_IP,,,,1168541404,25-04-2024,7.5,-7.5,846856.0,PCS,Issue to Patient,1.0,4.20111,-4.20111,1149.0,4827.07241
6590080013,DEXTROSE-10% IV-500ML,Medicine,Rayan Hospital,RYN_IP,,,,1168541409,25-04-2024,7.5,-15.0,846853.0,PCS,Issue to Patient,2.0,4.20111,-8.40221,1147.0,4818.6702
6590080013,DEXTROSE-10% IV-500ML,Medicine,Rayan Hospital,RYN_IP,,,,1168681726,25-04-2024,7.5,-7.5,846853.0,PCS,Issue to Patient,1.0,4.20111,-4.20111,1146.0,4814.46909
6590080013,DEXTROSE-10% IV-500ML,Medicine,Rayan Hospital,RYN_IP,,,,1168697448,25-04-2024,7.5,-7.5,846853.0,PCS,Issue to Patient,1.0,4.20111,-4.20111,1145.0,4810.26798
6590080013,DEXTROSE-10% IV-500ML,Medicine,Rayan Hospital,RYN_IP,,,,1168697453,25-04-2024,7.5,-7.5,846853.0,PCS,Issue to Patient,1.0,4.20111,-4.20111,1144.0,4806.06688
6590080013,DEXTROSE-10% IV-500ML,Medicine,Rayan Hospital,RYN_IP,,,,1168727312,25-04-2024,7.5,-7.5,846853.0,PCS,Issue to Patient,1.0,4.20111,-4.20111,1143.0,4801.86577
6590080013,DEXTROSE-10% IV-500ML,Medicine,Rayan Hospital,RYN_IP,,,,1169162379,26-04-2024,7.5,-7.5,846853.0,PCS,Issue to Patient,1.0,4.20111,-4.20111,1142.0,4797.66466
6590080013,DEXTROSE-10% IV-500ML,Medicine,Rayan Hospital,RYN_IP,,,,1169162384,26-04-2024,7.5,-7.5,846853.0,PCS,Issue to Patient,1.0,4.20111,-4.20111,1141.0,4793.46356
6590080013,DEXTROSE-10% IV-500ML,Medicine,Rayan Hospital,RYN_IP,,,,1169162389,26-04-2024,7.5,-7.5,846853.0,PCS,Issue to Patient,1.0,4.20111,-4.20111,1140.0,4789.26245
6590080013,DEXTROSE-10% IV-500ML,Medicine,Rayan Hospital,RYN_IP,,,,1169162589,26-04-2024,7.5,-7.5,846853.0,PCS,Issue to Patient,1.0,4.20111,-4.20111,1139.0,4785.06134
6590080013,DEXTROSE-10% IV-500ML,Medicine,Rayan Hospital,RYN_IP,,,,1169171034,26-04-2024,7.5,-7.5,846856.0,PCS,Issue to Patient,1.0,4.20111,-4.20111,1138.0,4780.86023
6590080013,DEXTROSE-10% IV-500ML,Medicine,Rayan Hospital,RYN_IP,,,,1169172163,26-04-2024,7.5,-7.5,846853.0,PCS,Issue to Patient,1.0,4.20111,-4.20111,1137.0,4776.65913
6590080013,DEXTROSE-10% IV-500ML,Medicine,Rayan Hospital,RYN_IP,,,,1169229324,26-04-2024,7.5,-7.5,846853.0,PCS,Issue to Patient,1.0,4.20111,-4.20111,1136.0,4772.45802
6590080013,DEXTROSE-10% IV-500ML,Medicine,Rayan Hospital,RYN_IP,,,,1169322333,26-04-2024,7.5,-7.5,846853.0,PCS,Issue to Patient,1.0,4.20111,-4.20111,1135.0,4768.25691
6590080013,DEXTROSE-10% IV-500ML,Medicine,Rayan Hospital,RYN_IP,,,,1169331353,26-04-2024,7.5,-7.5,846853.0,PCS,Issue to Patient,1.0,4.20111,-4.20111,1134.0,4764.0558
6590080013,DEXTROSE-10% IV-500ML,Medicine,Rayan Hospital,RYN_IP,,,,1169463714,27-04-2024,7.5,-7.5,846853.0,PCS,Issue to Patient,1.0,4.20111,-4.20111,1133.0,4759.8547
6590080013,DEXTROSE-10% IV-500ML,Medicine,Rayan Hospital,RYN_IP,,,,1169480092,27-04-2024,7.5,-7.5,846853.0,PCS,Issue to Patient,1.0,4.20111,-4.20111,1132.0,4755.65359
6590080013,DEXTROSE-10% IV-500ML,Medicine,Rayan Hospital,RYN_IP,,,,1169483375,27-04-2024,7.5,-7.5,846853.0,PCS,Issue to Patient,1.0,4.20111,-4.20111,1131.0,4751.45248
6590080013,DEXTROSE-10% IV-500ML,Medicine,Rayan Hospital,RYN_IP,,,,1169935155,27-04-2024,7.5,-7.5,846857.0,PCS,Issue to Patient,1.0,4.20111,-4.20111,1130.0,4747.25137
6590080013,DEXTROSE-10% IV-500ML,Medicine,Rayan Hospital,RYN_IP,,,,1169952948,28-04-2024,7.5,-7.5,846857.0,PCS,Issue to Patient,1.0,4.20111,-4.20111,1129.0,4743.05027
6590080013,DEXTROSE-10% IV-500ML,Medicine,Rayan Hospital,RYN_IP,,,,1170034816,28-04-2024,7.5,-7.5,846853.0,PCS,Issue to Patient,1.0,4.20111,-4.20111,1128.0,4738.84916
6590080013,DEXTROSE-10% IV-500ML,Medicine,Rayan Hospital,RYN_IP,,,,1170037903,28-04-2024,7.5,-7.5,846853.0,PCS,Issue to Patient,1.0,4.20111,-4.20111,1127.0,4734.64805
6590080013,DEXTROSE-10% IV-500ML,Medicine,Rayan Hospital,RYN_IP,,,,1170042695,28-04-2024,7.5,-7.5,846857.0,PCS,Issue to Patient,1.0,4.20111,-4.20111,1126.0,4730.44694
6590080013,DEXTROSE-10% IV-500ML,Medicine,Rayan Hospital,RYN_IP,,,,1170281852,28-04-2024,7.5,-7.5,846856.0,PCS,Issue to Patient,1.0,4.20111,-4.20111,1125.0,4726.24584
6590080013,DEXTROSE-10% IV-500ML,Medicine,Rayan Hospital,RYN_IP,,,,1170316352,28-04-2024,7.5,-7.5,846857.0,PCS,Issue to Patient,1.0,4.20111,-4.20111,1124.0,4722.04473
6590080013,DEXTROSE-10% IV-500ML,Medicine,Rayan Hospital,RYN_IP,,,,1170617814,29-04-2024,7.5,-7.5,846853.0,PCS,Issue to Patient,1.0,4.20111,-4.20111,1123.0,4717.84362
6590080013,DEXTROSE-10% IV-500ML,Medicine,Rayan Hospital,RYN_IP,,,,1170617824,29-04-2024,7.5,-7.5,846853.0,PCS,Issue to Patient,1.0,4.20111,-4.20111,1122.0,4713.64251
6590080013,DEXTROSE-10% IV-500ML,Medicine,Rayan Hospital,RYN_IP,,,,1170643600,29-04-2024,7.5,-7.5,846853.0,PCS,Issue to Patient,1.0,4.20111,-4.20111,1121.0,4709.44141
6590080013,DEXTROSE-10% IV-500ML,Medicine,Rayan Hospital,RYN_IP,,,,1170697286,29-04-2024,7.5,-7.5,846856.0,PCS,Issue to Patient,1.0,4.20111,-4.20111,1120.0,4705.2403
6590080013,DEXTROSE-10% IV-500ML,Medicine,Rayan Hospital,RYN_IP,,,,1171461526,30-04-2024,7.5,-7.5,846856.0,PCS,Issue to Patient,1.0,4.20111,-4.20111,1119.0,4701.03919
6590080013,DEXTROSE-10% IV-500ML,Medicine,Rayan Hospital,RYN_IP,,,,1171893868,01-05-2024,7.5,-7.5,846853.0,PCS,Issue to Patient,1.0,4.20111,-4.20111,1118.0,4696.83808
6590080013,DEXTROSE-10% IV-500ML,Medicine,Rayan Hospital,RYN_IP,,,,1172122069,01-05-2024,7.5,-7.5,846853.0,PCS,Issue to Patient,1.0,4.20111,-4.20111,1117.0,4692.63698
6590080013,DEXTROSE-10% IV-500ML,Medicine,Rayan Hospital,RYN_IP,,,,1172360722,01-05-2024,7.5,-7.5,846856.0,PCS,Issue to Patient,1.0,4.20111,-4.20111,1116.0,4688.43587
6590080013,DEXTROSE-10% IV-500ML,Medicine,Rayan Hospital,RYN_IP,,,,1172452143,02-05-2024,7.5,-7.5,846855.0,PCS,Issue to Patient,1.0,4.20111,-4.20111,1115.0,4684.23476
6590080013,DEXTROSE-10% IV-500ML,Medicine,Rayan Hospital,RYN_IP,,,,1173011203,03-05-2024,7.5,-7.5,846853.0,PCS,Issue to Patient,1.0,4.20091,-4.20091,1314.0,5520.00025
6590080013,DEXTROSE-10% IV-500ML,Medicine,Rayan Hospital,RYN_IP,,,,1173842520,05-05-2024,7.5,-7.5,846857.0,PCS,Issue to Patient,1.0,4.20091,-4.20091,1313.0,5515.79934
6590080013,DEXTROSE-10% IV-500ML,Medicine,Rayan Hospital,RYN_IP,,,,1175038472,07-05-2024,7.5,-7.5,846857.0,PCS,Issue to Patient,1.0,4.20091,-4.20091,1312.0,5511.59842
6590080013,DEXTROSE-10% IV-500ML,Medicine,Rayan Hospital,RYN_IP,,,,1175074475,07-05-2024,7.5,-7.5,846853.0,PCS,Issue to Patient,1.0,4.20091,-4.20091,1311.0,5507.39751
6590080013,DEXTROSE-10% IV-500ML,Medicine,Rayan Hospital,RYN_IP,,,,1175304993,07-05-2024,7.5,-7.5,846853.0,PCS,Issue to Patient,1.0,4.20091,-4.20091,1310.0,5503.1966
6590080013,DEXTROSE-10% IV-500ML,Medicine,Rayan Hospital,RYN_IP,,,,1175696918,08-05-2024,7.5,-7.5,846853.0,PCS,Issue to Patient,1.0,4.20091,-4.20091,1309.0,5498.99568
6590080013,DEXTROSE-10% IV-500ML,Medicine,Rayan Hospital,RYN_IP,,,,1176012327,08-05-2024,7.5,-7.5,846853.0,PCS,Issue to Patient,1.0,4.20091,-4.20091,1308.0,5494.79477
6590080013,DEXTROSE-10% IV-500ML,Medicine,Rayan Hospital,RYN_IP,,,,1176253712,09-05-2024,7.5,-7.5,846857.0,PCS,Issue to Patient,1.0,4.20091,-4.20091,1307.0,5490.59386
6590080013,DEXTROSE-10% IV-500ML,Medicine,Rayan Hospital,RYN_IP,,,,1176261120,09-05-2024,7.5,-7.5,846855.0,PCS,Issue to Patient,1.0,4.20091,-4.20091,1306.0,5486.39294
6590080013,DEXTROSE-10% IV-500ML,Medicine,Rayan Hospital,RYN_IP,,,,1176338707,09-05-2024,7.5,-7.5,846853.0,PCS,Issue to Patient,1.0,4.20091,-4.20091,1305.0,5482.19203
6590080013,DEXTROSE-10% IV-500ML,Medicine,Rayan Hospital,STAGE,Rayan Hospital Clinics,RAY_ER,17556877,1176348882,09-05-2024,7.5,-7.5,846853.0,PCS,Int Order Direct Ship,1.0,4.20091,-4.20091,1304.0,5477.99111
6590080013,DEXTROSE-10% IV-500ML,Medicine,Rayan Hospital,RYN_IP,,,,1176753590,09-05-2024,7.5,-7.5,846853.0,PCS,Issue to Patient,1.0,4.20091,-4.20091,1303.0,5473.7902
6590080013,DEXTROSE-10% IV-500ML,Medicine,Rayan Hospital,RYN_IP,,,,1176844370,10-05-2024,7.5,-7.5,846853.0,PCS,Issue to Patient,1.0,4.20091,-4.20091,1303.0,5473.7902
6590080013,DEXTROSE-10% IV-500ML,Medicine,Rayan Hospital,RYN_IP,,,,1176844425,10-05-2024,7.5,-7.5,846853.0,PCS,Issue to Patient,1.0,4.20091,-4.20091,1302.0,5469.58929
6590080013,DEXTROSE-10% IV-500ML,Medicine,Rayan Hospital,RYN_IP,,,,1176872497,10-05-2024,7.5,-7.5,846853.0,PCS,Issue to Patient,1.0,4.20091,-4.20091,1301.0,5465.38837
6590080013,DEXTROSE-10% IV-500ML,Medicine,Rayan Hospital,RYN_IP,,,,1176873305,10-05-2024,7.5,-7.5,846853.0,PCS,Issue to Patient,1.0,4.20091,-4.20091,1300.0,5461.18746
6590080013,DEXTROSE-10% IV-500ML,Medicine,Rayan Hospital,RYN_IP,,,,1176923917,10-05-2024,7.5,-7.5,846853.0,PCS,Issue to Patient,1.0,4.20091,-4.20091,1299.0,5456.98655
6590080013,DEXTROSE-10% IV-500ML,Medicine,Rayan Hospital,RYN_IP,,,,1177043169,11-05-2024,7.5,-7.5,846855.0,PCS,Issue to Patient,1.0,4.20091,-4.20091,1298.0,5452.78563
6590080013,DEXTROSE-10% IV-500ML,Medicine,Rayan Hospital,RYN_IP,,,,1177101245,11-05-2024,7.5,-15.0,846853.0,PCS,Issue to Patient,2.0,4.20091,-8.40183,1296.0,5444.38381
6590080013,DEXTROSE-10% IV-500ML,Medicine,Rayan Hospital,RYN_IP,,,,1177112411,11-05-2024,7.5,-7.5,846853.0,PCS,Issue to Patient,1.0,4.20091,-4.20091,1295.0,5440.18289
6590080013,DEXTROSE-10% IV-500ML,Medicine,Rayan Hospital,RYN_IP,,,,1177139176,11-05-2024,7.5,-7.5,846853.0,PCS,Issue to Patient,1.0,4.20091,-4.20091,1294.0,5435.98198
6590080013,DEXTROSE-10% IV-500ML,Medicine,Rayan Hospital,RYN_IP,,,,1177424595,11-05-2024,7.5,-7.5,846853.0,PCS,Issue to Patient,1.0,4.20091,-4.20091,1293.0,5431.78107
6590080013,DEXTROSE-10% IV-500ML,Medicine,Rayan Hospital,RYN_IP,,,,1177652472,11-05-2024,7.5,-7.5,846853.0,PCS,Issue to Patient,1.0,4.20091,-4.20091,1292.0,5427.58015
6590080013,DEXTROSE-10% IV-500ML,Medicine,Rayan Hospital,RYN_IP,,,,1177671468,11-05-2024,7.5,-7.5,846853.0,PCS,Issue to Patient,1.0,4.20091,-4.20091,1291.0,5423.37924
6590080013,DEXTROSE-10% IV-500ML,Medicine,Rayan Hospital,RYN_IP,,,,1177776150,12-05-2024,7.5,-7.5,846855.0,PCS,Issue to Patient,1.0,4.20091,-4.20091,1290.0,5419.17833
6590080013,DEXTROSE-10% IV-500ML,Medicine,Rayan Hospital,RYN_IP,,,,1177885537,12-05-2024,7.5,-7.5,846853.0,PCS,Issue to Patient,1.0,4.20091,-4.20091,1289.0,5414.97741
6590080013,DEXTROSE-10% IV-500ML,Medicine,Rayan Hospital,RYN_IP,,,,1177988895,12-05-2024,7.5,-7.5,846857.0,PCS,Issue to Patient,1.0,4.20091,-4.20091,1288.0,5410.7765
6590080013,DEXTROSE-10% IV-500ML,Medicine,Rayan Hospital,RYN_IP,,,,1178251637,12-05-2024,7.5,-7.5,846857.0,PCS,Issue to Patient,1.0,4.20091,-4.20091,1287.0,5406.57559
6590080013,DEXTROSE-10% IV-500ML,Medicine,Rayan Hospital,RYN_IP,,,,1178855032,13-05-2024,7.5,-7.5,846853.0,PCS,Issue to Patient,1.0,4.20091,-4.20091,1286.0,5402.37467
6590080013,DEXTROSE-10% IV-500ML,Medicine,Rayan Hospital,RYN_IP,,,,1179067901,14-05-2024,7.5,-7.5,846853.0,PCS,Issue to Patient,1.0,4.20091,-4.20091,1285.0,5398.17376
6590080013,DEXTROSE-10% IV-500ML,Medicine,Rayan Hospital,RYN_IP,,,,1179094104,14-05-2024,7.5,-7.5,846853.0,PCS,Issue to Patient,1.0,4.20091,-4.20091,1284.0,5393.97285
6590080013,DEXTROSE-10% IV-500ML,Medicine,Rayan Hospital,RYN_IP,,,,1179709894,15-05-2024,7.5,-7.5,846853.0,PCS,Issue to Patient,1.0,4.20091,-4.20091,1283.0,5389.77193
6590080013,DEXTROSE-10% IV-500ML,Medicine,Rayan Hospital,RYN_IP,,,,1179710968,15-05-2024,7.5,-7.5,846853.0,PCS,Issue to Patient,1.0,4.20091,-4.20091,1282.0,5385.57102
6590080013,DEXTROSE-10% IV-500ML,Medicine,Rayan Hospital,RYN_IP,,,,1179758285,15-05-2024,7.5,-7.5,846853.0,PCS,Issue to Patient,1.0,4.20091,-4.20091,1281.0,5381.37011
6590080013,DEXTROSE-10% IV-500ML,Medicine,Rayan Hospital,RYN_IP,,,,1180022086,15-05-2024,7.5,-15.0,846853.0,PCS,Issue to Patient,2.0,4.20091,-8.40183,1279.0,5372.96828
6590080013,DEXTROSE-10% IV-500ML,Medicine,Rayan Hospital,RYN_IP,,,,1180371427,16-05-2024,7.5,-7.5,846853.0,PCS,Issue to Patient,1.0,4.20091,-4.20091,1278.0,5368.76737
6590080013,DEXTROSE-10% IV-500ML,Medicine,Rayan Hospital,RYN_IP,,,,1180378251,16-05-2024,7.5,-7.5,846857.0,PCS,Issue to Patient,1.0,4.20091,-4.20091,1277.0,5364.56645
6590080013,DEXTROSE-10% IV-500ML,Medicine,Rayan Hospital,RYN_IP,,,,1180380448,16-05-2024,7.5,-7.5,846853.0,PCS,Issue to Patient,1.0,4.20091,-4.20091,1276.0,5360.36554
6590080013,DEXTROSE-10% IV-500ML,Medicine,Rayan Hospital,RYN_IP,,,,1180422469,16-05-2024,7.5,-7.5,846853.0,PCS,Issue to Patient,1.0,4.20091,-4.20091,1275.0,5356.16463
6590080013,DEXTROSE-10% IV-500ML,Medicine,Rayan Hospital,RYN_IP,,,,1180509446,16-05-2024,7.5,-7.5,846857.0,PCS,Issue to Patient,1.0,4.20091,-4.20091,1274.0,5351.96371
6590080013,DEXTROSE-10% IV-500ML,Medicine,Rayan Hospital,RYN_IP,,,,1180510260,16-05-2024,7.5,-7.5,846857.0,PCS,Issue to Patient,1.0,4.20091,-4.20091,1273.0,5347.7628
6590080013,DEXTROSE-10% IV-500ML,Medicine,Rayan Hospital,RYN_IP,,,,1180957974,17-05-2024,7.5,-7.5,846853.0,PCS,Issue to Patient,1.0,4.20091,-4.20091,1272.0,5343.56188
6590080013,DEXTROSE-10% IV-500ML,Medicine,Rayan Hospital,RYN_IP,,,,1180959743,17-05-2024,7.5,-7.5,846857.0,PCS,Issue to Patient,1.0,4.20091,-4.20091,1271.0,5339.36097
6590080013,DEXTROSE-10% IV-500ML,Medicine,Rayan Hospital,RYN_IP,,,,1181115972,17-05-2024,7.5,-15.0,846853.0,PCS,Issue to Patient,2.0,4.20091,-8.40183,1269.0,5330.95914
6590080013,DEXTROSE-10% IV-500ML,Medicine,Rayan Hospital,RYN_IP,,,,1181794847,19-05-2024,7.5,-15.0,846857.0,PCS,Issue to Patient,2.0,4.20091,-8.40183,1267.0,5322.55732
6590080013,DEXTROSE-10% IV-500ML,Medicine,Rayan Hospital,RYN_IP,,,,1181798529,19-05-2024,7.5,-7.5,846857.0,PCS,Issue to Patient,1.0,4.20091,-4.20091,1266.0,5318.3564
6590080013,DEXTROSE-10% IV-500ML,Medicine,Rayan Hospital,RYN_IP,,,,1182421475,20-05-2024,7.5,-15.0,846857.0,PCS,Issue to Patient,2.0,4.20091,-8.40183,1264.0,5309.95458
6590080013,DEXTROSE-10% IV-500ML,Medicine,Rayan Hospital,RYN_IP,,,,1182460716,20-05-2024,7.5,-7.5,846856.0,PCS,Issue to Patient,1.0,4.20091,-4.20091,1263.0,5305.75366
6590080013,DEXTROSE-10% IV-500ML,Medicine,Rayan Hospital,RYN_IP,,,,1184052486,22-05-2024,7.5,-7.5,846853.0,PCS,Issue to Patient,1.0,4.20091,-4.20091,1262.0,5301.55275
6590080013,DEXTROSE-10% IV-500ML,Medicine,Rayan Hospital,RYN_IP,,,,1184377511,23-05-2024,7.5,-7.5,846856.0,PCS,Issue to Patient,1.0,4.20091,-4.20091,1261.0,5297.35184
6590080013,DEXTROSE-10% IV-500ML,Medicine,Rayan Hospital,RYN_IP,,,,1184384245,23-05-2024,7.5,-7.5,846855.0,PCS,Issue to Patient,1.0,4.20091,-4.20091,1260.0,5293.15092
6590080013,DEXTROSE-10% IV-500ML,Medicine,Rayan Hospital,RYN_IP,,,,1184429747,23-05-2024,7.5,-7.5,846853.0,PCS,Issue to Patient,1.0,4.20091,-4.20091,1259.0,5288.95001
6590080013,DEXTROSE-10% IV-500ML,Medicine,Rayan Hospital,RYN_IP,,,,1184447081,23-05-2024,7.5,-7.5,846853.0,PCS,Issue to Patient,1.0,4.20091,-4.20091,1258.0,5284.7491
6590080013,DEXTROSE-10% IV-500ML,Medicine,Rayan Hospital,RYN_IP,,,,1184474159,23-05-2024,7.5,-7.5,846853.0,PCS,Issue to Patient,1.0,4.20091,-4.20091,1257.0,5280.54818
6590080013,DEXTROSE-10% IV-500ML,Medicine,Rayan Hospital,RYN_IP,,,,1184651302,23-05-2024,7.5,-7.5,846853.0,PCS,Issue to Patient,1.0,4.20091,-4.20091,1256.0,5276.34727
6590080013,DEXTROSE-10% IV-500ML,Medicine,Rayan Hospital,RYN_IP,Rayan Main Pharmacy,RYN_MP,RAY28992,1184702618,23-05-2024,7.5,-30.0,846853.0,PCS,Intransit Shipment,4.0,4.20076,-16.80306,1452.0,6099.51061
6590080013,DEXTROSE-10% IV-500ML,Medicine,Rayan Hospital,RYN_IP,,,,1184930761,24-05-2024,7.5,-15.0,846853.0,PCS,Issue to Patient,2.0,4.20076,-8.40153,1450.0,6091.10908
6590080013,DEXTROSE-10% IV-500ML,Medicine,Rayan Hospital,RYN_IP,,,,1184967362,24-05-2024,7.5,-7.5,846853.0,PCS,Issue to Patient,1.0,4.20076,-4.20076,1449.0,6086.90832
6590080013,DEXTROSE-10% IV-500ML,Medicine,Rayan Hospital,RYN_IP,,,,1184974462,24-05-2024,7.5,-7.5,846857.0,PCS,Issue to Patient,1.0,4.20076,-4.20076,1448.0,6082.70755
6590080013,DEXTROSE-10% IV-500ML,Medicine,Rayan Hospital,RYN_IP,,,,1185019690,24-05-2024,7.5,-7.5,846857.0,PCS,Issue to Patient,1.0,4.20076,-4.20076,1447.0,6078.50679
6590080013,DEXTROSE-10% IV-500ML,Medicine,Rayan Hospital,RYN_IP,,,,1187474422,28-05-2024,7.5,-7.5,846856.0,PCS,Issue to Patient,1.0,4.20076,-4.20076,1446.0,6074.30602
6590080013,DEXTROSE-10% IV-500ML,Medicine,Rayan Hospital,RYN_IP,,,,1188552224,30-05-2024,7.5,-7.5,846853.0,PCS,Issue to Patient,1.0,4.20076,-4.20076,1445.0,6070.10526
6590080013,DEXTROSE-10% IV-500ML,Medicine,Rayan Hospital,RYN_IP,,,,1188552234,30-05-2024,7.5,-7.5,846857.0,PCS,Issue to Patient,1.0,4.20076,-4.20076,1444.0,6065.90449
6590080013,DEXTROSE-10% IV-500ML,Medicine,Rayan Hospital,RYN_IP,,,,1189208183,01-06-2024,7.5,-15.0,846857.0,PCS,Issue to Patient,2.0,4.20076,-8.40153,1442.0,6057.50296
6590080013,DEXTROSE-10% IV-500ML,Medicine,Rayan Hospital,RYN_IP,,,,1189276553,01-06-2024,7.5,-7.5,846857.0,PCS,Issue to Patient,1.0,4.20076,-4.20076,1441.0,6053.3022
6590080013,DEXTROSE-10% IV-500ML,Medicine,Rayan Hospital,RYN_IP,,,,1189279258,01-06-2024,7.5,-7.5,846857.0,PCS,Issue to Patient,1.0,4.20076,-4.20076,1440.0,6049.10143
6590080013,DEXTROSE-10% IV-500ML,Medicine,Rayan Hospital,RYN_IP,,,,1189305151,01-06-2024,7.5,-7.5,846857.0,PCS,Issue to Patient,1.0,4.20076,-4.20076,1439.0,6044.90067
6590080013,DEXTROSE-10% IV-500ML,Medicine,Rayan Hospital,RYN_IP,,,,1189322502,01-06-2024,7.5,-7.5,846857.0,PCS,Issue to Patient,1.0,4.20076,-4.20076,1438.0,6040.6999
6590080013,DEXTROSE-10% IV-500ML,Medicine,Rayan Hospital,RYN_IP,,,,1190542638,03-06-2024,7.5,-7.5,846857.0,PCS,Issue to Patient,1.0,4.20076,-4.20076,1437.0,6036.49914
6590080013,DEXTROSE-10% IV-500ML,Medicine,Rayan Hospital,RYN_IP,,,,1190613282,03-06-2024,7.5,-7.5,846857.0,PCS,Issue to Patient,1.0,4.20076,-4.20076,1436.0,6032.29837
6590080013,DEXTROSE-10% IV-500ML,Medicine,Rayan Hospital,RYN_IP,,,,1190613302,03-06-2024,7.5,-7.5,846855.0,PCS,Issue to Patient,1.0,4.20076,-4.20076,1435.0,6028.09761
6590080013,DEXTROSE-10% IV-500ML,Medicine,Rayan Hospital,RYN_IP,,,,1190619084,03-06-2024,7.5,-7.5,846853.0,PCS,Issue to Patient,1.0,4.20076,-4.20076,1434.0,6023.89684
6590080013,DEXTROSE-10% IV-500ML,Medicine,Rayan Hospital,RYN_IP,,,,1190628418,03-06-2024,7.5,-7.5,846855.0,PCS,Issue to Patient,1.0,4.20076,-4.20076,1433.0,6019.69608
6590080013,DEXTROSE-10% IV-500ML,Medicine,Rayan Hospital,RYN_IP,,,,1190633651,03-06-2024,7.5,-7.5,846857.0,PCS,Issue to Patient,1.0,4.20076,-4.20076,1432.0,6015.49531
6590080013,DEXTROSE-10% IV-500ML,Medicine,Rayan Hospital,RYN_IP,,,,1190931902,03-06-2024,7.5,-7.5,846857.0,PCS,Issue to Patient,1.0,4.20076,-4.20076,1431.0,6011.29455
6590080013,DEXTROSE-10% IV-500ML,Medicine,Rayan Hospital,RYN_IP,,,,1191317180,04-06-2024,7.5,-7.5,846855.0,PCS,Issue to Patient,1.0,4.20076,-4.20076,1430.0,6007.09378
6590080013,DEXTROSE-10% IV-500ML,Medicine,Rayan Hospital,RYN_IP,,,,1191324678,04-06-2024,7.5,-7.5,846857.0,PCS,Issue to Patient,1.0,4.20076,-4.20076,1429.0,6002.89302
6590080013,DEXTROSE-10% IV-500ML,Medicine,Rayan Hospital,RYN_IP,,,,1191920328,05-06-2024,7.5,-7.5,846857.0,PCS,Issue to Patient,1.0,4.20076,-4.20076,1428.0,5998.69225
6590080013,DEXTROSE-10% IV-500ML,Medicine,Rayan Hospital,RYN_IP,,,,1191948417,05-06-2024,7.5,-7.5,846857.0,PCS,Issue to Patient,1.0,4.20076,-4.20076,1427.0,5994.49149
6590080013,DEXTROSE-10% IV-500ML,Medicine,Rayan Hospital,RYN_IP,,,,1191959984,05-06-2024,7.5,-7.5,846857.0,PCS,Issue to Patient,1.0,4.20076,-4.20076,1426.0,5990.29072
6590080013,DEXTROSE-10% IV-500ML,Medicine,Rayan Hospital,RYN_IP,,,,1192479212,06-06-2024,7.5,-15.0,846857.0,PCS,Issue to Patient,2.0,4.20076,-8.40153,1424.0,5981.88919
6590080013,DEXTROSE-10% IV-500ML,Medicine,Rayan Hospital,RYN_IP,,,,1192601999,06-06-2024,7.5,-7.5,846855.0,PCS,Issue to Patient,1.0,4.20076,-4.20076,1423.0,5977.68843
6590080013,DEXTROSE-10% IV-500ML,Medicine,Rayan Hospital,RYN_IP,,,,1192618588,06-06-2024,7.5,-7.5,846857.0,PCS,Issue to Patient,1.0,4.20076,-4.20076,1422.0,5973.48766
6590080013,DEXTROSE-10% IV-500ML,Medicine,Rayan Hospital,RYN_IP,,,,1192706195,06-06-2024,7.5,-7.5,846857.0,PCS,Issue to Patient,1.0,4.20076,-4.20076,1421.0,5969.2869
6590080013,DEXTROSE-10% IV-500ML,Medicine,Rayan Hospital,RYN_IP,,,,1192713092,06-06-2024,7.5,-7.5,846855.0,PCS,Issue to Patient,1.0,4.20076,-4.20076,1420.0,5965.08613
6590080013,DEXTROSE-10% IV-500ML,Medicine,Rayan Hospital,RYN_IP,,,,1192742233,06-06-2024,7.5,-7.5,846855.0,PCS,Issue to Patient,1.0,4.20076,-4.20076,1419.0,5960.88537
6590080013,DEXTROSE-10% IV-500ML,Medicine,Rayan Hospital,RYN_IP,,,,1193107973,07-06-2024,7.5,-7.5,846853.0,PCS,Issue to Patient,1.0,4.20076,-4.20076,1418.0,5956.6846
6590080013,DEXTROSE-10% IV-500ML,Medicine,Rayan Hospital,RYN_IP,,,,1193154077,07-06-2024,7.5,-7.5,846857.0,PCS,Issue to Patient,1.0,4.20076,-4.20076,1417.0,5952.48384
6590080013,DEXTROSE-10% IV-500ML,Medicine,Rayan Hospital,RYN_IP,,,,1193154893,07-06-2024,7.5,-7.5,846855.0,PCS,Issue to Patient,1.0,4.20076,-4.20076,1416.0,5948.28307
6590080013,DEXTROSE-10% IV-500ML,Medicine,Rayan Hospital,RYN_IP,,,,1193162147,07-06-2024,7.5,-7.5,846856.0,PCS,Issue to Patient,1.0,4.20076,-4.20076,1415.0,5944.08231
6590080013,DEXTROSE-10% IV-500ML,Medicine,Rayan Hospital,RYN_IP,,,,1193176920,07-06-2024,7.5,-7.5,846856.0,PCS,Issue to Patient,1.0,4.20076,-4.20076,1414.0,5939.88154
6590080013,DEXTROSE-10% IV-500ML,Medicine,Rayan Hospital,RYN_IP,,,,1193320577,07-06-2024,7.5,-7.5,846856.0,PCS,Issue to Patient,1.0,4.20076,-4.20076,1413.0,5935.68078
6590080013,DEXTROSE-10% IV-500ML,Medicine,Rayan Hospital,RYN_IP,,,,1193385602,08-06-2024,7.5,-7.5,846856.0,PCS,Issue to Patient,1.0,4.20076,-4.20076,1412.0,5931.48002
6590080013,DEXTROSE-10% IV-500ML,Medicine,Rayan Hospital,RYN_IP,,,,1193442929,08-06-2024,7.5,-7.5,846857.0,PCS,Issue to Patient,1.0,4.20076,-4.20076,1411.0,5927.27925
6590080013,DEXTROSE-10% IV-500ML,Medicine,Rayan Hospital,RYN_IP,,,,1193800837,08-06-2024,7.5,-7.5,846853.0,PCS,Issue to Patient,1.0,4.20076,-4.20076,1410.0,5923.07849
6590080013,DEXTROSE-10% IV-500ML,Medicine,Rayan Hospital,RYN_IP,,,,1194025594,09-06-2024,7.5,-7.5,846855.0,PCS,Issue to Patient,1.0,4.20076,-4.20076,1409.0,5918.87772
6590080013,DEXTROSE-10% IV-500ML,Medicine,Rayan Hospital,RYN_IP,,,,1194401556,09-06-2024,7.5,-7.5,846857.0,PCS,Issue to Patient,1.0,4.20076,-4.20076,1408.0,5914.67696
6590080013,DEXTROSE-10% IV-500ML,Medicine,Rayan Hospital,RYN_IP,,,,1194692508,10-06-2024,7.5,-7.5,846853.0,PCS,Issue to Patient,1.0,4.20076,-4.20076,1407.0,5910.47619
6590080013,DEXTROSE-10% IV-500ML,Medicine,Rayan Hospital,RYN_IP,,,,1195319468,11-06-2024,7.5,-7.5,846855.0,PCS,Issue to Patient,1.0,4.20076,-4.20076,1406.0,5906.27543
6590080013,DEXTROSE-10% IV-500ML,Medicine,Rayan Hospital,RYN_IP,,,,1195382150,11-06-2024,7.5,-7.5,846857.0,PCS,Issue to Patient,1.0,4.20076,-4.20076,1405.0,5902.07466
6590080013,DEXTROSE-10% IV-500ML,Medicine,Rayan Hospital,RYN_IP,,,,1195385993,11-06-2024,7.5,-7.5,846857.0,PCS,Issue to Patient,1.0,4.20076,-4.20076,1404.0,5897.8739
6590080013,DEXTROSE-10% IV-500ML,Medicine,Rayan Hospital,RYN_IP,,,,1196080370,12-06-2024,7.5,-7.5,846857.0,PCS,Issue to Patient,1.0,4.20076,-4.20076,1403.0,5893.67313
6590080013,DEXTROSE-10% IV-500ML,Medicine,Rayan Hospital,RYN_IP,,,,1196423686,12-06-2024,7.5,-7.5,846857.0,PCS,Issue to Patient,1.0,4.20076,-4.20076,1402.0,5889.47237
6590080013,DEXTROSE-10% IV-500ML,Medicine,Rayan Hospital,RYN_IP,,,,1196720834,13-06-2024,7.5,-7.5,846857.0,PCS,Issue to Patient,1.0,4.20076,-4.20076,1401.0,5885.2716
6590080013,DEXTROSE-10% IV-500ML,Medicine,Rayan Hospital,RYN_IP,,,,1196772209,13-06-2024,7.5,-7.5,846857.0,PCS,Issue to Patient,1.0,4.20076,-4.20076,1400.0,5881.07084
6590080013,DEXTROSE-10% IV-500ML,Medicine,Rayan Hospital,RYN_IP,,,,1196805079,13-06-2024,7.5,-7.5,846857.0,PCS,Issue to Patient,1.0,4.20076,-4.20076,1399.0,5876.87007
6590080013,DEXTROSE-10% IV-500ML,Medicine,Rayan Hospital,RYN_IP,,,,1197227235,14-06-2024,7.5,-7.5,846857.0,PCS,Issue to Patient,1.0,4.20076,-4.20076,1398.0,5872.66931
6590080013,DEXTROSE-10% IV-500ML,Medicine,Rayan Hospital,RYN_IP,,,,1197227255,14-06-2024,7.5,-7.5,846857.0,PCS,Issue to Patient,1.0,4.20076,-4.20076,1397.0,5868.46854
6590080013,DEXTROSE-10% IV-500ML,Medicine,Rayan Hospital,RYN_IP,,,,1197238410,14-06-2024,7.5,-7.5,846857.0,PCS,Issue to Patient,1.0,4.20076,-4.20076,1396.0,5864.26778
6590080013,DEXTROSE-10% IV-500ML,Medicine,Rayan Hospital,RYN_IP,,,,1197238425,14-06-2024,7.5,-7.5,846857.0,PCS,Issue to Patient,1.0,4.20076,-4.20076,1395.0,5860.06701
6590080013,DEXTROSE-10% IV-500ML,Medicine,Rayan Hospital,RYN_IP,,,,1197447429,15-06-2024,7.5,-7.5,846857.0,PCS,Issue to Patient,1.0,4.20076,-4.20076,1394.0,5855.86625
6590080013,DEXTROSE-10% IV-500ML,Medicine,Rayan Hospital,RYN_IP,,,,1197541085,15-06-2024,7.5,-7.5,846856.0,PCS,Issue to Patient,1.0,4.20076,-4.20076,1393.0,5851.66548
6590080013,DEXTROSE-10% IV-500ML,Medicine,Rayan Hospital,RYN_IP,,,,1197630748,16-06-2024,7.5,-7.5,846857.0,PCS,Issue to Patient,1.0,4.20076,-4.20076,1392.0,5847.46472
6590080013,DEXTROSE-10% IV-500ML,Medicine,Rayan Hospital,RYN_IP,,,,1197668809,16-06-2024,7.5,-7.5,846855.0,PCS,Issue to Patient,1.0,4.20076,-4.20076,1391.0,5843.26395
6590080013,DEXTROSE-10% IV-500ML,Medicine,Rayan Hospital,RYN_IP,,,,1197669711,16-06-2024,7.5,-7.5,846855.0,PCS,Issue to Patient,1.0,4.20076,-4.20076,1390.0,5839.06319
6590080013,DEXTROSE-10% IV-500ML,Medicine,Rayan Hospital,RYN_IP,,,,1197675277,16-06-2024,7.5,-7.5,846855.0,PCS,Issue to Patient,1.0,4.20076,-4.20076,1389.0,5834.86242
6590080013,DEXTROSE-10% IV-500ML,Medicine,Rayan Hospital,RYN_IP,,,,1197677050,16-06-2024,7.5,-7.5,846855.0,PCS,Issue to Patient,1.0,4.20076,-4.20076,1388.0,5830.66166
6590080013,DEXTROSE-10% IV-500ML,Medicine,Rayan Hospital,RYN_IP,,,,1197677309,16-06-2024,7.5,-7.5,846855.0,PCS,Issue to Patient,1.0,4.20076,-4.20076,1387.0,5826.46089
6590080013,DEXTROSE-10% IV-500ML,Medicine,Rayan Hospital,RYN_IP,,,,1197711603,16-06-2024,7.5,-7.5,846855.0,PCS,Issue to Patient,1.0,4.20076,-4.20076,1386.0,5822.26013
6590080013,DEXTROSE-10% IV-500ML,Medicine,Rayan Hospital,RYN_IP,,,,1197720496,16-06-2024,7.5,-7.5,846857.0,PCS,Issue to Patient,1.0,4.20076,-4.20076,1385.0,5818.05936
6590080013,DEXTROSE-10% IV-500ML,Medicine,Rayan Hospital,RYN_IP,,,,1197724696,16-06-2024,7.5,-7.5,846857.0,PCS,Issue to Patient,1.0,4.20076,-4.20076,1384.0,5813.8586
6590080013,DEXTROSE-10% IV-500ML,Medicine,Rayan Hospital,RYN_IP,,,,1197839477,17-06-2024,7.5,-7.5,846857.0,PCS,Issue to Patient,1.0,4.20076,-4.20076,1383.0,5809.65783
6590080013,DEXTROSE-10% IV-500ML,Medicine,Rayan Hospital,RYN_IP,,,,1198042868,18-06-2024,7.5,-7.5,846857.0,PCS,Issue to Patient,1.0,4.20076,-4.20076,1382.0,5805.45707
6590080013,DEXTROSE-10% IV-500ML,Medicine,Rayan Hospital,RYN_IP,,,,1198265373,19-06-2024,7.5,-7.5,846853.0,PCS,Issue to Patient,1.0,4.20076,-4.20076,1381.0,5801.2563
6590080013,DEXTROSE-10% IV-500ML,Medicine,Rayan Hospital,RYN_IP,,,,1198279686,19-06-2024,7.5,-7.5,846855.0,PCS,Issue to Patient,1.0,4.20076,-4.20076,1380.0,5797.05554
6590080013,DEXTROSE-10% IV-500ML,Medicine,Rayan Hospital,RYN_IP,,,,1198294249,19-06-2024,7.5,-7.5,846855.0,PCS,Issue to Patient,1.0,4.20076,-4.20076,1379.0,5792.85477
6590080013,DEXTROSE-10% IV-500ML,Medicine,Rayan Hospital,RYN_IP,,,,1199255104,21-06-2024,7.5,-7.5,846857.0,PCS,Issue to Patient,1.0,4.20076,-4.20076,1378.0,5788.65401
6590080013,DEXTROSE-10% IV-500ML,Medicine,Rayan Hospital,RYN_IP,,,,1199265128,21-06-2024,7.5,-7.5,846857.0,PCS,Issue to Patient,1.0,4.20076,-4.20076,1377.0,5784.45324
6590080013,DEXTROSE-10% IV-500ML,Medicine,Rayan Hospital,RYN_IP,,,,1199381789,21-06-2024,7.5,-15.0,846857.0,PCS,Issue to Patient,2.0,4.20076,-8.40153,1375.0,5776.05171
6590080013,DEXTROSE-10% IV-500ML,Medicine,Rayan Hospital,RYN_IP,,,,1199389593,21-06-2024,7.5,-7.5,846853.0,PCS,Issue to Patient,1.0,4.20076,-4.20076,1374.0,5771.85095
6590080013,DEXTROSE-10% IV-500ML,Medicine,Rayan Hospital,RYN_IP,,,,1199439528,22-06-2024,7.5,-7.5,846857.0,PCS,Issue to Patient,1.0,4.20076,-4.20076,1373.0,5767.65018
6590080013,DEXTROSE-10% IV-500ML,Medicine,Rayan Hospital,RYN_IP,,,,1199440531,22-06-2024,7.5,-7.5,846857.0,PCS,Issue to Patient,1.0,4.20076,-4.20076,1372.0,5763.44942
6590080013,DEXTROSE-10% IV-500ML,Medicine,Rayan Hospital,RYN_IP,,,,1199451919,22-06-2024,7.5,-15.0,846857.0,PCS,Issue to Patient,2.0,4.20076,-8.40153,1370.0,5755.04789
6590080013,DEXTROSE-10% IV-500ML,Medicine,Rayan Hospital,RYN_IP,,,,1199476219,22-06-2024,7.5,-7.5,846857.0,PCS,Issue to Patient,1.0,4.20076,-4.20076,1369.0,5750.84713
6590080013,DEXTROSE-10% IV-500ML,Medicine,Rayan Hospital,RYN_IP,,,,1199479252,22-06-2024,7.5,-7.5,846857.0,PCS,Issue to Patient,1.0,4.20076,-4.20076,1368.0,5746.64636
6590080013,DEXTROSE-10% IV-500ML,Medicine,Rayan Hospital,RYN_IP,,,,1199938225,22-06-2024,7.5,-15.0,846857.0,PCS,Issue to Patient,2.0,4.20076,-8.40153,1366.0,5738.24483
6590080013,DEXTROSE-10% IV-500ML,Medicine,Rayan Hospital,RYN_IP,,,,1199942772,22-06-2024,7.5,-7.5,846856.0,PCS,Issue to Patient,1.0,4.20076,-4.20076,1365.0,5734.04407
6590080013,DEXTROSE-10% IV-500ML,Medicine,Rayan Hospital,RYN_IP,,,,1199952913,22-06-2024,7.5,-15.0,846857.0,PCS,Issue to Patient,2.0,4.20076,-8.40153,1363.0,5725.64254
6590080013,DEXTROSE-10% IV-500ML,Medicine,Rayan Hospital,STAGE,Rayan Hospital Clinics,RAY_ER,17663387,1200045827,23-06-2024,7.5,-37.5,846855.0,PCS,Int Order Direct Ship,5.0,4.20076,-21.00382,1358.0,5704.63871
6590080013,DEXTROSE-10% IV-500ML,Medicine,Rayan Hospital,RYN_IP,,,,1200078078,23-06-2024,7.5,-7.5,846853.0,PCS,Issue to Patient,1.0,4.20076,-4.20076,1357.0,5700.43795
6590080013,DEXTROSE-10% IV-500ML,Medicine,Rayan Hospital,RYN_IP,,,,1200149569,23-06-2024,7.5,-7.5,846857.0,PCS,Issue to Patient,1.0,4.20076,-4.20076,1356.0,5696.23718
6590080013,DEXTROSE-10% IV-500ML,Medicine,Rayan Hospital,RYN_IP,,,,1200239701,23-06-2024,7.5,-7.5,846857.0,PCS,Issue to Patient,1.0,4.20076,-4.20076,1355.0,5692.03642
6590080013,DEXTROSE-10% IV-500ML,Medicine,Rayan Hospital,RYN_IP,,,,1200363371,23-06-2024,7.5,-7.5,846853.0,PCS,Issue to Patient,1.0,4.20076,-4.20076,1354.0,5687.83565
6590080013,DEXTROSE-10% IV-500ML,Medicine,Rayan Hospital,RYN_IP,,,,1200641870,24-06-2024,7.5,-7.5,846857.0,PCS,Issue to Patient,1.0,4.20076,-4.20076,1353.0,5683.63489
6590080013,DEXTROSE-10% IV-500ML,Medicine,Rayan Hospital,RYN_IP,,,,1200646552,24-06-2024,7.5,-7.5,846853.0,PCS,Issue to Patient,1.0,4.20076,-4.20076,1352.0,5679.43412
6590080013,DEXTROSE-10% IV-500ML,Medicine,Rayan Hospital,RYN_IP,,,,1202413560,27-06-2024,7.5,-7.5,846857.0,PCS,Issue to Patient,1.0,4.20076,-4.20076,1351.0,5675.23336
6590080013,DEXTROSE-10% IV-500ML,Medicine,Rayan Hospital,RYN_IP,,,,1202425291,27-06-2024,7.5,-7.5,846857.0,PCS,Issue to Patient,1.0,4.20076,-4.20076,1350.0,5671.03259
6590080013,DEXTROSE-10% IV-500ML,Medicine,Rayan Hospital,RYN_IP,,,,1202921166,28-06-2024,7.5,-7.5,846857.0,PCS,Issue to Patient,1.0,4.20076,-4.20076,1349.0,5666.83183
6590080013,DEXTROSE-10% IV-500ML,Medicine,Rayan Hospital,RYN_IP,,,,1202922252,28-06-2024,7.5,-7.5,846856.0,PCS,Issue to Patient,1.0,4.20076,-4.20076,1348.0,5662.63106
6590080013,DEXTROSE-10% IV-500ML,Medicine,Rayan Hospital,RYN_IP,,,,1202931004,28-06-2024,7.5,-7.5,846857.0,PCS,Issue to Patient,1.0,4.20076,-4.20076,1348.0,5662.63106
6590080013,DEXTROSE-10% IV-500ML,Medicine,Rayan Hospital,RYN_IP,,,,1202932946,28-06-2024,7.5,-7.5,846857.0,PCS,Issue to Patient,1.0,4.20076,-4.20076,1347.0,5658.4303
6590080013,DEXTROSE-10% IV-500ML,Medicine,Rayan Hospital,RYN_IP,,,,1202942672,28-06-2024,7.5,-7.5,846857.0,PCS,Issue to Patient,1.0,4.20076,-4.20076,1346.0,5654.22953
6590080013,DEXTROSE-10% IV-500ML,Medicine,Rayan Hospital,RYN_IP,,,,1202943869,28-06-2024,7.5,-7.5,846857.0,PCS,Issue to Patient,1.0,4.20076,-4.20076,1345.0,5650.02877
6590080013,DEXTROSE-10% IV-500ML,Medicine,Rayan Hospital,RYN_IP,,,,1202955688,28-06-2024,7.5,-7.5,846857.0,PCS,Issue to Patient,1.0,4.20076,-4.20076,1344.0,5645.828
6590080013,DEXTROSE-10% IV-500ML,Medicine,Rayan Hospital,RYN_IP,,,,1203174950,29-06-2024,7.5,-7.5,846857.0,PCS,Issue to Patient,1.0,4.20076,-4.20076,1343.0,5641.62724
6590080013,DEXTROSE-10% IV-500ML,Medicine,Rayan Hospital,RYN_IP,,,,1203180951,29-06-2024,7.5,-7.5,846857.0,PCS,Issue to Patient,1.0,4.20076,-4.20076,1342.0,5637.42647
6590080013,DEXTROSE-10% IV-500ML,Medicine,Rayan Hospital,RYN_IP,,,,1203185816,29-06-2024,7.5,-7.5,846857.0,PCS,Issue to Patient,1.0,4.20076,-4.20076,1341.0,5633.22571
6590080013,DEXTROSE-10% IV-500ML,Medicine,Rayan Hospital,RYN_IP,,,,1203298579,29-06-2024,7.5,-7.5,846857.0,PCS,Issue to Patient,1.0,4.20076,-4.20076,1340.0,5629.02494
6590080013,DEXTROSE-10% IV-500ML,Medicine,Rayan Hospital,RYN_IP,,,,1203298584,29-06-2024,7.5,-7.5,846857.0,PCS,Issue to Patient,1.0,4.20076,-4.20076,1339.0,5624.82418
6590080013,DEXTROSE-10% IV-500ML,Medicine,Rayan Hospital,RYN_IP,,,,1203732127,30-06-2024,7.5,-7.5,846857.0,PCS,Issue to Patient,1.0,4.20076,-4.20076,1338.0,5620.62341
6590080013,DEXTROSE-10% IV-500ML,Medicine,Rayan Hospital,RYN_IP,,,,1204120034,30-06-2024,7.5,-7.5,846857.0,PCS,Issue to Patient,1.0,4.20076,-4.20076,1337.0,5616.42265
